phase,scenario,seed,family,tuning_value,total_cost,patients_lost,completion_service_level,max_requested_capacity,max_active_capacity,shared_budget,rng_sha256
discovery,scheduled_rotation_forward,99400000,static_ot,0.0,3932498662.0568156,3570.0,0.3828822640472592,0.0,0.0,31.500000000000007,e2f4d0c338a6e150c6dfca660f389079ba1bc9f212bb6de05732531241f49b64
discovery,scheduled_rotation_forward,99400000,static_ot,0.0625,3930825718.6114807,3553.0,0.38576727572468744,7.875000000000002,7.874999999999992,31.500000000000007,e2f4d0c338a6e150c6dfca660f389079ba1bc9f212bb6de05732531241f49b64
discovery,scheduled_rotation_forward,99400000,static_ot,0.125,3782611435.784902,3344.0,0.4184640747355406,15.750000000000004,15.749999999999984,31.500000000000007,e2f4d0c338a6e150c6dfca660f389079ba1bc9f212bb6de05732531241f49b64
discovery,scheduled_rotation_forward,99400000,static_ot,0.1875,3761017473.378877,3276.0,0.427943398818519,23.624999999999996,23.624999999999982,31.500000000000007,e2f4d0c338a6e150c6dfca660f389079ba1bc9f212bb6de05732531241f49b64
discovery,scheduled_rotation_forward,99400000,static_ot,0.25,3585267083.8507857,2989.0,0.4699821404039016,31.500000000000007,31.499999999999968,31.500000000000007,e2f4d0c338a6e150c6dfca660f389079ba1bc9f212bb6de05732531241f49b64
discovery,scheduled_rotation_forward,99400000,forecast_iot,0.0,3932498662.0568156,3570.0,0.3828822640472592,0.0,0.0,31.500000000000007,e2f4d0c338a6e150c6dfca660f389079ba1bc9f212bb6de05732531241f49b64
discovery,scheduled_rotation_forward,99400000,forecast_iot,0.25,3913336162.203072,3521.0,0.39016348399505424,7.875000447034836,7.87500017912191,31.500000000000007,e2f4d0c338a6e150c6dfca660f389079ba1bc9f212bb6de05732531241f49b64
discovery,scheduled_rotation_forward,99400000,forecast_iot,0.5,3822580957.4917507,3329.0,0.41599120758345925,15.75000048056245,15.750000206723573,31.500000000000007,e2f4d0c338a6e150c6dfca660f389079ba1bc9f212bb6de05732531241f49b64
discovery,scheduled_rotation_forward,99400000,forecast_iot,0.75,3674314627.1230726,3035.0,0.45665613408435224,23.62500050067902,23.625000272926513,31.500000000000007,e2f4d0c338a6e150c6dfca660f389079ba1bc9f212bb6de05732531241f49b64
discovery,scheduled_rotation_forward,99400000,forecast_iot,1.0,3579237162.189748,2822.0,0.4866053029262261,31.500000000000014,31.499999937429628,31.500000000000007,e2f4d0c338a6e150c6dfca660f389079ba1bc9f212bb6de05732531241f49b64
discovery,scheduled_rotation_forward,99400000,graph_forecast_iot,0.0,3932498662.0568156,3570.0,0.3828822640472592,0.0,0.0,31.500000000000007,e2f4d0c338a6e150c6dfca660f389079ba1bc9f212bb6de05732531241f49b64
discovery,scheduled_rotation_forward,99400000,graph_forecast_iot,0.25,3926856921.422293,3543.0,0.3871410908091771,7.875000590085984,7.875000224666174,31.500000000000007,e2f4d0c338a6e150c6dfca660f389079ba1bc9f212bb6de05732531241f49b64
discovery,scheduled_rotation_forward,99400000,graph_forecast_iot,0.5,3847706255.617295,3373.0,0.4107707102623987,15.750000489503146,15.750000216061007,31.500000000000007,e2f4d0c338a6e150c6dfca660f389079ba1bc9f212bb6de05732531241f49b64
discovery,scheduled_rotation_forward,99400000,graph_forecast_iot,0.75,3676389455.236091,3054.0,0.4543206484407199,23.625000683963297,23.625000291086863,31.500000000000007,e2f4d0c338a6e150c6dfca660f389079ba1bc9f212bb6de05732531241f49b64
discovery,scheduled_rotation_forward,99400000,graph_forecast_iot,1.0,3558270005.46347,2824.0,0.48839126253606263,31.500000000000014,31.499999994514425,31.500000000000007,e2f4d0c338a6e150c6dfca660f389079ba1bc9f212bb6de05732531241f49b64
discovery,scheduled_rotation_forward,99400001,static_ot,0.0,3428547273.017928,3218.0,0.4116366802089379,0.0,0.0,31.500000000000007,aee282f980b4548a8cd1675482bab426e7b72285b8119c114b25795fdf0ebec1
discovery,scheduled_rotation_forward,99400001,static_ot,0.0625,3403114148.5424395,3168.0,0.4196169471851422,7.875000000000002,7.874999999999992,31.500000000000007,aee282f980b4548a8cd1675482bab426e7b72285b8119c114b25795fdf0ebec1
discovery,scheduled_rotation_forward,99400001,static_ot,0.125,3283964029.5665746,3016.0,0.4434126523505514,15.750000000000004,15.749999999999984,31.500000000000007,aee282f980b4548a8cd1675482bab426e7b72285b8119c114b25795fdf0ebec1
discovery,scheduled_rotation_forward,99400001,static_ot,0.1875,3279864041.3358893,2962.0,0.4508125362739408,23.624999999999996,23.624999999999982,31.500000000000007,aee282f980b4548a8cd1675482bab426e7b72285b8119c114b25795fdf0ebec1
discovery,scheduled_rotation_forward,99400001,static_ot,0.25,3133932286.2403493,2707.0,0.4896982008125363,31.500000000000007,31.499999999999968,31.500000000000007,aee282f980b4548a8cd1675482bab426e7b72285b8119c114b25795fdf0ebec1
discovery,scheduled_rotation_forward,99400001,forecast_iot,0.0,3428547273.017928,3218.0,0.4116366802089379,0.0,0.0,31.500000000000007,aee282f980b4548a8cd1675482bab426e7b72285b8119c114b25795fdf0ebec1
discovery,scheduled_rotation_forward,99400001,forecast_iot,0.25,3412243413.941534,3176.0,0.4184561810795125,7.875000518560411,7.875000266622002,31.500000000000007,aee282f980b4548a8cd1675482bab426e7b72285b8119c114b25795fdf0ebec1
discovery,scheduled_rotation_forward,99400001,forecast_iot,0.5,3276454092.4595456,2913.0,0.4557457922228671,15.750000524148346,15.750000288611455,31.500000000000007,aee282f980b4548a8cd1675482bab426e7b72285b8119c114b25795fdf0ebec1
discovery,scheduled_rotation_forward,99400001,forecast_iot,0.75,3154399167.44565,2663.0,0.491874637260592,23.62500059902668,23.625000342821398,31.500000000000007,aee282f980b4548a8cd1675482bab426e7b72285b8119c114b25795fdf0ebec1
discovery,scheduled_rotation_forward,99400001,forecast_iot,1.0,3064309553.065469,2455.0,0.522344747533372,31.500000000000018,31.499999998100655,31.500000000000007,aee282f980b4548a8cd1675482bab426e7b72285b8119c114b25795fdf0ebec1
discovery,scheduled_rotation_forward,99400001,graph_forecast_iot,0.0,3428547273.017928,3218.0,0.4116366802089379,0.0,0.0,31.500000000000007,aee282f980b4548a8cd1675482bab426e7b72285b8119c114b25795fdf0ebec1
discovery,scheduled_rotation_forward,99400001,graph_forecast_iot,0.25,3411535088.240159,3176.0,0.4184561810795125,7.875000366568566,7.875000160779668,31.500000000000007,aee282f980b4548a8cd1675482bab426e7b72285b8119c114b25795fdf0ebec1
discovery,scheduled_rotation_forward,99400001,graph_forecast_iot,0.5,3301583994.6215744,2971.0,0.4479106210098665,15.750000616908077,15.75000033023662,31.500000000000007,aee282f980b4548a8cd1675482bab426e7b72285b8119c114b25795fdf0ebec1
discovery,scheduled_rotation_forward,99400001,graph_forecast_iot,0.75,3150436044.3835087,2687.0,0.4891178177597214,23.625000643730168,23.625000362644894,31.500000000000007,aee282f980b4548a8cd1675482bab426e7b72285b8119c114b25795fdf0ebec1
discovery,scheduled_rotation_forward,99400001,graph_forecast_iot,1.0,3072475649.02092,2512.0,0.5161056297156124,31.50000000000001,31.49999999239244,31.500000000000007,aee282f980b4548a8cd1675482bab426e7b72285b8119c114b25795fdf0ebec1
discovery,scheduled_rotation_forward,99400002,static_ot,0.0,3702959554.2811837,3418.0,0.4008102822017323,0.0,0.0,31.500000000000007,a5b7d37e363b8db9042f97b70bd6627a4a2d173301e9642a018bbfda1b5f757d
discovery,scheduled_rotation_forward,99400002,static_ot,0.0625,3680615264.023631,3373.0,0.4082145850796312,7.875000000000002,7.874999999999992,31.500000000000007,a5b7d37e363b8db9042f97b70bd6627a4a2d173301e9642a018bbfda1b5f757d
discovery,scheduled_rotation_forward,99400002,static_ot,0.125,3520286566.8888273,3174.0,0.4402067616652696,15.750000000000004,15.749999999999984,31.500000000000007,a5b7d37e363b8db9042f97b70bd6627a4a2d173301e9642a018bbfda1b5f757d
discovery,scheduled_rotation_forward,99400002,static_ot,0.1875,3513020343.9023843,3139.0,0.44733165688739873,23.624999999999996,23.624999999999982,31.500000000000007,a5b7d37e363b8db9042f97b70bd6627a4a2d173301e9642a018bbfda1b5f757d
discovery,scheduled_rotation_forward,99400002,static_ot,0.25,3340297567.2999816,2869.0,0.48924280525286395,31.500000000000007,31.499999999999968,31.500000000000007,a5b7d37e363b8db9042f97b70bd6627a4a2d173301e9642a018bbfda1b5f757d
discovery,scheduled_rotation_forward,99400002,forecast_iot,0.0,3702959554.2811837,3418.0,0.4008102822017323,0.0,0.0,31.500000000000007,a5b7d37e363b8db9042f97b70bd6627a4a2d173301e9642a018bbfda1b5f757d
discovery,scheduled_rotation_forward,99400002,forecast_iot,0.25,3680137140.9103165,3368.0,0.4089131042190556,7.875000438094139,7.875000125536358,31.500000000000007,a5b7d37e363b8db9042f97b70bd6627a4a2d173301e9642a018bbfda1b5f757d
discovery,scheduled_rotation_forward,99400002,forecast_iot,0.5,3580526981.8976192,3160.0,0.4383906119027661,15.750000533647835,15.750000237538693,31.500000000000007,a5b7d37e363b8db9042f97b70bd6627a4a2d173301e9642a018bbfda1b5f757d
discovery,scheduled_rotation_forward,99400002,forecast_iot,0.75,3479137136.2096305,2941.0,0.4691254540374406,23.625000536441803,23.62500020281311,31.500000000000007,a5b7d37e363b8db9042f97b70bd6627a4a2d173301e9642a018bbfda1b5f757d
discovery,scheduled_rotation_forward,99400002,forecast_iot,1.0,3354184400.964883,2690.0,0.5065660799105896,31.500000000000014,31.499999986382278,31.500000000000007,a5b7d37e363b8db9042f97b70bd6627a4a2d173301e9642a018bbfda1b5f757d
discovery,scheduled_rotation_forward,99400002,graph_forecast_iot,0.0,3702959554.2811837,3418.0,0.4008102822017323,0.0,0.0,31.500000000000007,a5b7d37e363b8db9042f97b70bd6627a4a2d173301e9642a018bbfda1b5f757d
discovery,scheduled_rotation_forward,99400002,graph_forecast_iot,0.25,3683890880.772151,3379.0,0.40737636211232187,7.875000643730164,7.875000231239017,31.500000000000007,a5b7d37e363b8db9042f97b70bd6627a4a2d173301e9642a018bbfda1b5f757d
discovery,scheduled_rotation_forward,99400002,graph_forecast_iot,0.5,3607019455.4409533,3209.0,0.4316848281642917,15.750000637024641,15.750000155167479,31.500000000000007,a5b7d37e363b8db9042f97b70bd6627a4a2d173301e9642a018bbfda1b5f757d
discovery,scheduled_rotation_forward,99400002,graph_forecast_iot,0.75,3482432177.9854784,2978.0,0.46535345068454875,23.625000500679015,23.62500028186719,31.500000000000007,a5b7d37e363b8db9042f97b70bd6627a4a2d173301e9642a018bbfda1b5f757d
discovery,scheduled_rotation_forward,99400002,graph_forecast_iot,1.0,3348286313.1805615,2709.0,0.50600726459905,31.500000000000014,31.499999980978256,31.500000000000007,a5b7d37e363b8db9042f97b70bd6627a4a2d173301e9642a018bbfda1b5f757d
discovery,scheduled_rotation_reverse,99400000,static_ot,0.0,3476501875.328552,3171.0,0.4192340915634898,0.0,0.0,31.500000000000007,a0e66bf1ea9735fd0a2e50d060a07b2b90c8d0f7fc8cfa40e187bfd684e1306a
discovery,scheduled_rotation_reverse,99400000,static_ot,0.0625,3456986583.682351,3130.0,0.4255686726173337,7.875000000000002,7.874999999999992,31.500000000000007,a0e66bf1ea9735fd0a2e50d060a07b2b90c8d0f7fc8cfa40e187bfd684e1306a
discovery,scheduled_rotation_reverse,99400000,static_ot,0.125,3331080529.6079187,2965.0,0.4533544486035128,15.750000000000004,15.749999999999984,31.500000000000007,a0e66bf1ea9735fd0a2e50d060a07b2b90c8d0f7fc8cfa40e187bfd684e1306a
discovery,scheduled_rotation_reverse,99400000,static_ot,0.1875,3315524047.6411524,2921.0,0.46127267492081775,23.624999999999996,23.624999999999982,31.500000000000007,a0e66bf1ea9735fd0a2e50d060a07b2b90c8d0f7fc8cfa40e187bfd684e1306a
discovery,scheduled_rotation_reverse,99400000,static_ot,0.25,3151434501.921177,2662.0,0.5011517420097898,31.500000000000007,31.499999999999968,31.500000000000007,a0e66bf1ea9735fd0a2e50d060a07b2b90c8d0f7fc8cfa40e187bfd684e1306a
discovery,scheduled_rotation_reverse,99400000,forecast_iot,0.0,3476501875.328552,3171.0,0.4192340915634898,0.0,0.0,31.500000000000007,a0e66bf1ea9735fd0a2e50d060a07b2b90c8d0f7fc8cfa40e187bfd684e1306a
discovery,scheduled_rotation_reverse,99400000,forecast_iot,0.25,3464949738.9001274,3137.0,0.42456089835876765,7.875000607967376,7.875000343311196,31.500000000000007,a0e66bf1ea9735fd0a2e50d060a07b2b90c8d0f7fc8cfa40e187bfd684e1306a
discovery,scheduled_rotation_reverse,99400000,forecast_iot,0.5,3343197367.5275335,2895.0,0.4594010941549093,15.750000625289978,15.750000245368808,31.500000000000007,a0e66bf1ea9735fd0a2e50d060a07b2b90c8d0f7fc8cfa40e187bfd684e1306a
discovery,scheduled_rotation_reverse,99400000,forecast_iot,0.75,3211332276.9734807,2631.0,0.4987042902389865,23.62500047832728,23.625000157641296,31.500000000000007,a0e66bf1ea9735fd0a2e50d060a07b2b90c8d0f7fc8cfa40e187bfd684e1306a
discovery,scheduled_rotation_reverse,99400000,forecast_iot,1.0,3093942902.1112585,2396.0,0.5326806795277857,31.500000000000018,31.49999999586931,31.500000000000007,a0e66bf1ea9735fd0a2e50d060a07b2b90c8d0f7fc8cfa40e187bfd684e1306a
discovery,scheduled_rotation_reverse,99400000,graph_forecast_iot,0.0,3476501875.328552,3171.0,0.4192340915634898,0.0,0.0,31.500000000000007,a0e66bf1ea9735fd0a2e50d060a07b2b90c8d0f7fc8cfa40e187bfd684e1306a
discovery,scheduled_rotation_reverse,99400000,graph_forecast_iot,0.25,3465403571.6709185,3139.0,0.42427296285632016,7.875000616908072,7.875000242437333,31.500000000000007,a0e66bf1ea9735fd0a2e50d060a07b2b90c8d0f7fc8cfa40e187bfd684e1306a
discovery,scheduled_rotation_reverse,99400000,graph_forecast_iot,0.5,3363208254.4958687,2936.0,0.4543622228620789,15.750000719726089,15.750000356874411,31.500000000000007,a0e66bf1ea9735fd0a2e50d060a07b2b90c8d0f7fc8cfa40e187bfd684e1306a
discovery,scheduled_rotation_reverse,99400000,graph_forecast_iot,0.75,3232344590.412937,2681.0,0.4923697091851425,23.625000547617677,23.625000257703977,31.500000000000007,a0e66bf1ea9735fd0a2e50d060a07b2b90c8d0f7fc8cfa40e187bfd684e1306a
discovery,scheduled_rotation_reverse,99400000,graph_forecast_iot,1.0,3088896405.495757,2416.0,0.5321048085228909,31.500000000000014,31.499999983650696,31.500000000000007,a0e66bf1ea9735fd0a2e50d060a07b2b90c8d0f7fc8cfa40e187bfd684e1306a
discovery,scheduled_rotation_reverse,99400001,static_ot,0.0,3781909168.325191,3465.0,0.401541695865452,0.0,0.0,31.500000000000007,e67be4276b9d2776fe44093af153d4515dc09fbfd637e2c70cb8106751de2bd5
discovery,scheduled_rotation_reverse,99400001,static_ot,0.0625,3777455761.5946774,3445.0,0.4050455501051156,7.875000000000002,7.874999999999992,31.500000000000007,e67be4276b9d2776fe44093af153d4515dc09fbfd637e2c70cb8106751de2bd5
discovery,scheduled_rotation_reverse,99400001,static_ot,0.125,3614205173.9336348,3254.0,0.43756131744919413,15.750000000000004,15.749999999999984,31.500000000000007,e67be4276b9d2776fe44093af153d4515dc09fbfd637e2c70cb8106751de2bd5
discovery,scheduled_rotation_reverse,99400001,static_ot,0.1875,3605745677.6604156,3216.0,0.4442887175893483,23.624999999999996,23.624999999999982,31.500000000000007,e67be4276b9d2776fe44093af153d4515dc09fbfd637e2c70cb8106751de2bd5
discovery,scheduled_rotation_reverse,99400001,static_ot,0.25,3460846320.7904196,2988.0,0.47806587245970567,31.500000000000007,31.499999999999968,31.500000000000007,e67be4276b9d2776fe44093af153d4515dc09fbfd637e2c70cb8106751de2bd5
discovery,scheduled_rotation_reverse,99400001,forecast_iot,0.0,3781909168.325191,3465.0,0.401541695865452,0.0,0.0,31.500000000000007,e67be4276b9d2776fe44093af153d4515dc09fbfd637e2c70cb8106751de2bd5
discovery,scheduled_rotation_reverse,99400001,forecast_iot,0.25,3773407430.845158,3435.0,0.4065872459705676,7.875000375509264,7.87500017805007,31.500000000000007,e67be4276b9d2776fe44093af153d4515dc09fbfd637e2c70cb8106751de2bd5
discovery,scheduled_rotation_reverse,99400001,forecast_iot,0.5,3668129314.118328,3222.0,0.43644008409250173,15.750000543147326,15.750000296283634,31.500000000000007,e67be4276b9d2776fe44093af153d4515dc09fbfd637e2c70cb8106751de2bd5
discovery,scheduled_rotation_reverse,99400001,forecast_iot,0.75,3606583989.9391685,3063.0,0.45858444288717587,23.625000635907057,23.62500012237272,31.500000000000007,e67be4276b9d2776fe44093af153d4515dc09fbfd637e2c70cb8106751de2bd5
discovery,scheduled_rotation_reverse,99400001,forecast_iot,1.0,3470608421.0597305,2803.0,0.4979677645409951,31.500000000000014,31.49999996589641,31.500000000000007,e67be4276b9d2776fe44093af153d4515dc09fbfd637e2c70cb8106751de2bd5
discovery,scheduled_rotation_reverse,99400001,graph_forecast_iot,0.0,3781909168.325191,3465.0,0.401541695865452,0.0,0.0,31.500000000000007,e67be4276b9d2776fe44093af153d4515dc09fbfd637e2c70cb8106751de2bd5
discovery,scheduled_rotation_reverse,99400001,graph_forecast_iot,0.25,3779294577.5693803,3445.0,0.4050455501051156,7.875000715255736,7.875000374145723,31.500000000000007,e67be4276b9d2776fe44093af153d4515dc09fbfd637e2c70cb8106751de2bd5
discovery,scheduled_rotation_reverse,99400001,graph_forecast_iot,0.5,3693980970.9063582,3270.0,0.42999299229152066,15.750000623613596,15.750000328391447,31.500000000000007,e67be4276b9d2776fe44093af153d4515dc09fbfd637e2c70cb8106751de2bd5
discovery,scheduled_rotation_reverse,99400001,graph_forecast_iot,0.75,3588984336.3399053,3060.0,0.46026629292221444,23.625000447733328,23.62500016539831,31.500000000000007,e67be4276b9d2776fe44093af153d4515dc09fbfd637e2c70cb8106751de2bd5
discovery,scheduled_rotation_reverse,99400001,graph_forecast_iot,1.0,3463248918.189109,2825.0,0.4967063770147162,31.500000000000014,31.49999998056866,31.500000000000007,e67be4276b9d2776fe44093af153d4515dc09fbfd637e2c70cb8106751de2bd5
discovery,scheduled_rotation_reverse,99400002,static_ot,0.0,3428223195.665377,3082.0,0.41704936854190583,0.0,0.0,31.500000000000007,7b786d9260f29186d1a5df180f38c266657dfdf9e0ea9641d9379e6d5682891f
discovery,scheduled_rotation_reverse,99400002,static_ot,0.0625,3387469428.5648713,3016.0,0.42738231917336394,7.875000000000002,7.874999999999992,31.500000000000007,7b786d9260f29186d1a5df180f38c266657dfdf9e0ea9641d9379e6d5682891f
discovery,scheduled_rotation_reverse,99400002,static_ot,0.125,3226311721.6867566,2826.0,0.46053386911595867,15.750000000000004,15.749999999999984,31.500000000000007,7b786d9260f29186d1a5df180f38c266657dfdf9e0ea9641d9379e6d5682891f
discovery,scheduled_rotation_reverse,99400002,static_ot,0.1875,3214281832.1176186,2787.0,0.4668484500574053,23.624999999999996,23.624999999999982,31.500000000000007,7b786d9260f29186d1a5df180f38c266657dfdf9e0ea9641d9379e6d5682891f
discovery,scheduled_rotation_reverse,99400002,static_ot,0.25,3056169113.4001765,2532.0,0.505166475315729,31.500000000000007,31.499999999999968,31.500000000000007,7b786d9260f29186d1a5df180f38c266657dfdf9e0ea9641d9379e6d5682891f
discovery,scheduled_rotation_reverse,99400002,forecast_iot,0.0,3428223195.665377,3082.0,0.41704936854190583,0.0,0.0,31.500000000000007,7b786d9260f29186d1a5df180f38c266657dfdf9e0ea9641d9379e6d5682891f
discovery,scheduled_rotation_reverse,99400002,forecast_iot,0.25,3391602391.8797383,3018.0,0.4269517795637199,7.875000607967377,7.875000327030224,31.500000000000007,7b786d9260f29186d1a5df180f38c266657dfdf9e0ea9641d9379e6d5682891f
discovery,scheduled_rotation_reverse,99400002,forecast_iot,0.5,3282683634.2038574,2803.0,0.4569460390355913,15.750000451505182,15.750000305903006,31.500000000000007,7b786d9260f29186d1a5df180f38c266657dfdf9e0ea9641d9379e6d5682891f
discovery,scheduled_rotation_reverse,99400002,forecast_iot,0.75,3130548937.4964533,2524.0,0.49756027554535015,23.625000505149366,23.625000284883555,31.500000000000007,7b786d9260f29186d1a5df180f38c266657dfdf9e0ea9641d9379e6d5682891f
discovery,scheduled_rotation_reverse,99400002,forecast_iot,1.0,2981876207.261976,2253.0,0.5387485648679678,31.500000000000014,31.499999999461973,31.500000000000007,7b786d9260f29186d1a5df180f38c266657dfdf9e0ea9641d9379e6d5682891f
discovery,scheduled_rotation_reverse,99400002,graph_forecast_iot,0.0,3428223195.665377,3082.0,0.41704936854190583,0.0,0.0,31.500000000000007,7b786d9260f29186d1a5df180f38c266657dfdf9e0ea9641d9379e6d5682891f
discovery,scheduled_rotation_reverse,99400002,graph_forecast_iot,0.25,3390858941.5548716,3018.0,0.4269517795637199,7.87500041127205,7.875000168412934,31.500000000000007,7b786d9260f29186d1a5df180f38c266657dfdf9e0ea9641d9379e6d5682891f
discovery,scheduled_rotation_reverse,99400002,graph_forecast_iot,0.5,3300553072.6075935,2847.0,0.45091848450057403,15.750000657141209,15.750000319080895,31.500000000000007,7b786d9260f29186d1a5df180f38c266657dfdf9e0ea9641d9379e6d5682891f
discovery,scheduled_rotation_reverse,99400002,graph_forecast_iot,0.75,3121278481.21508,2541.0,0.4965556831228473,23.625000590644778,23.62500032576254,31.500000000000007,7b786d9260f29186d1a5df180f38c266657dfdf9e0ea9641d9379e6d5682891f
discovery,scheduled_rotation_reverse,99400002,graph_forecast_iot,1.0,2980582010.5756254,2305.0,0.5351607347876005,31.500000000000014,31.499999977036317,31.500000000000007,7b786d9260f29186d1a5df180f38c266657dfdf9e0ea9641d9379e6d5682891f
discovery,scheduled_rotation_slower_noisy,99400000,static_ot,0.0,3899570297.282818,3541.0,0.3742490442381212,0.0,0.0,31.500000000000007,0fe0fc7bbcd7a15a71100fc0f6c78a688edb75102c24dc06a9fc30d3456614e6
discovery,scheduled_rotation_slower_noisy,99400000,static_ot,0.0625,3889366487.516701,3513.0,0.3783451665756417,7.875000000000002,7.874999999999992,31.500000000000007,0fe0fc7bbcd7a15a71100fc0f6c78a688edb75102c24dc06a9fc30d3456614e6
discovery,scheduled_rotation_slower_noisy,99400000,static_ot,0.125,3747449779.712538,3322.0,0.4078372474057892,15.750000000000004,15.749999999999984,31.500000000000007,0fe0fc7bbcd7a15a71100fc0f6c78a688edb75102c24dc06a9fc30d3456614e6
discovery,scheduled_rotation_slower_noisy,99400000,static_ot,0.1875,3736018406.7634797,3278.0,0.4152102676133261,23.624999999999996,23.624999999999982,31.500000000000007,0fe0fc7bbcd7a15a71100fc0f6c78a688edb75102c24dc06a9fc30d3456614e6
discovery,scheduled_rotation_slower_noisy,99400000,static_ot,0.25,3594172248.119253,3032.0,0.4516657564172583,31.500000000000007,31.499999999999968,31.500000000000007,0fe0fc7bbcd7a15a71100fc0f6c78a688edb75102c24dc06a9fc30d3456614e6
discovery,scheduled_rotation_slower_noisy,99400000,forecast_iot,0.0,3899570297.282818,3541.0,0.3742490442381212,0.0,0.0,31.500000000000007,0fe0fc7bbcd7a15a71100fc0f6c78a688edb75102c24dc06a9fc30d3456614e6
discovery,scheduled_rotation_slower_noisy,99400000,forecast_iot,0.25,3854633251.4543834,3461.0,0.3861277990169306,7.875000590085984,7.875000251862546,31.500000000000007,0fe0fc7bbcd7a15a71100fc0f6c78a688edb75102c24dc06a9fc30d3456614e6
discovery,scheduled_rotation_slower_noisy,99400000,forecast_iot,0.5,3764614140.1947794,3267.0,0.4131622064445658,15.750000540912152,15.750000232970923,31.500000000000007,0fe0fc7bbcd7a15a71100fc0f6c78a688edb75102c24dc06a9fc30d3456614e6
discovery,scheduled_rotation_slower_noisy,99400000,forecast_iot,0.75,3622149127.4013753,2988.0,0.4526215182960131,23.62500065267086,23.625000220644626,31.500000000000007,0fe0fc7bbcd7a15a71100fc0f6c78a688edb75102c24dc06a9fc30d3456614e6
discovery,scheduled_rotation_slower_noisy,99400000,forecast_iot,1.0,3515445806.1091094,2757.0,0.4847078099399235,31.500000000000014,31.49999999130281,31.500000000000007,0fe0fc7bbcd7a15a71100fc0f6c78a688edb75102c24dc06a9fc30d3456614e6
discovery,scheduled_rotation_slower_noisy,99400000,graph_forecast_iot,0.0,3899570297.282818,3541.0,0.3742490442381212,0.0,0.0,31.500000000000007,0fe0fc7bbcd7a15a71100fc0f6c78a688edb75102c24dc06a9fc30d3456614e6
discovery,scheduled_rotation_slower_noisy,99400000,graph_forecast_iot,0.25,3857031406.1844373,3466.0,0.3851720371381759,7.875000581145285,7.875000210267556,31.500000000000007,0fe0fc7bbcd7a15a71100fc0f6c78a688edb75102c24dc06a9fc30d3456614e6
discovery,scheduled_rotation_slower_noisy,99400000,graph_forecast_iot,0.5,3771924172.0721006,3289.0,0.4096122337520481,15.750000686198472,15.750000375755452,31.500000000000007,0fe0fc7bbcd7a15a71100fc0f6c78a688edb75102c24dc06a9fc30d3456614e6
discovery,scheduled_rotation_slower_noisy,99400000,graph_forecast_iot,0.75,3633667735.403931,3019.0,0.4482523211359913,23.625000391714273,23.625000123289123,31.500000000000007,0fe0fc7bbcd7a15a71100fc0f6c78a688edb75102c24dc06a9fc30d3456614e6
discovery,scheduled_rotation_slower_noisy,99400000,graph_forecast_iot,1.0,3537978342.7658777,2819.0,0.4774713271436374,31.500000000000014,31.49999999412707,31.500000000000007,0fe0fc7bbcd7a15a71100fc0f6c78a688edb75102c24dc06a9fc30d3456614e6
discovery,scheduled_rotation_slower_noisy,99400001,static_ot,0.0,3165652472.1999445,2959.0,0.4379294548786074,0.0,0.0,31.500000000000007,c21cd5c8c0bc685cbe3b35dd7ad273624f14f7444e1535a55718f3ae39ce4f1a
discovery,scheduled_rotation_slower_noisy,99400001,static_ot,0.0625,3132957574.561257,2895.0,0.4483127194991602,7.875000000000002,7.874999999999992,31.500000000000007,c21cd5c8c0bc685cbe3b35dd7ad273624f14f7444e1535a55718f3ae39ce4f1a
discovery,scheduled_rotation_slower_noisy,99400001,static_ot,0.125,3052512863.7685466,2787.0,0.4664834325851275,15.750000000000004,15.749999999999984,31.500000000000007,c21cd5c8c0bc685cbe3b35dd7ad273624f14f7444e1535a55718f3ae39ce4f1a
discovery,scheduled_rotation_slower_noisy,99400001,static_ot,0.1875,3062784507.145699,2767.0,0.47030080928386014,23.624999999999996,23.624999999999982,31.500000000000007,c21cd5c8c0bc685cbe3b35dd7ad273624f14f7444e1535a55718f3ae39ce4f1a
discovery,scheduled_rotation_slower_noisy,99400001,static_ot,0.25,2922681719.057671,2511.0,0.5121392579019698,31.500000000000007,31.499999999999968,31.500000000000007,c21cd5c8c0bc685cbe3b35dd7ad273624f14f7444e1535a55718f3ae39ce4f1a
discovery,scheduled_rotation_slower_noisy,99400001,forecast_iot,0.0,3165652472.1999445,2959.0,0.4379294548786074,0.0,0.0,31.500000000000007,c21cd5c8c0bc685cbe3b35dd7ad273624f14f7444e1535a55718f3ae39ce4f1a
discovery,scheduled_rotation_slower_noisy,99400001,forecast_iot,0.25,3147689404.818372,2908.0,0.4460222934799206,7.875000554323197,7.875000302262357,31.500000000000007,c21cd5c8c0bc685cbe3b35dd7ad273624f14f7444e1535a55718f3ae39ce4f1a
discovery,scheduled_rotation_slower_noisy,99400001,forecast_iot,0.5,3035332397.5508304,2679.0,0.48175293938005803,15.750000558793545,15.750000265996594,31.500000000000007,c21cd5c8c0bc685cbe3b35dd7ad273624f14f7444e1535a55718f3ae39ce4f1a
discovery,scheduled_rotation_slower_noisy,99400001,forecast_iot,0.75,2895878003.269724,2417.0,0.5222171323866239,23.625000520795584,23.625000235121888,31.500000000000007,c21cd5c8c0bc685cbe3b35dd7ad273624f14f7444e1535a55718f3ae39ce4f1a
discovery,scheduled_rotation_slower_noisy,99400001,forecast_iot,1.0,2801665425.163581,2195.0,0.5574896930829134,31.50000000000001,31.499999992710787,31.500000000000007,c21cd5c8c0bc685cbe3b35dd7ad273624f14f7444e1535a55718f3ae39ce4f1a
discovery,scheduled_rotation_slower_noisy,99400001,graph_forecast_iot,0.0,3165652472.1999445,2959.0,0.4379294548786074,0.0,0.0,31.500000000000007,c21cd5c8c0bc685cbe3b35dd7ad273624f14f7444e1535a55718f3ae39ce4f1a
discovery,scheduled_rotation_slower_noisy,99400001,graph_forecast_iot,0.25,3141095887.1103444,2898.0,0.44754924415941366,7.8750005722045895,7.875000252505712,31.500000000000007,c21cd5c8c0bc685cbe3b35dd7ad273624f14f7444e1535a55718f3ae39ce4f1a
discovery,scheduled_rotation_slower_noisy,99400001,graph_forecast_iot,0.5,3038924465.968573,2703.0,0.47793556268132537,15.750000581145288,15.750000240066353,31.500000000000007,c21cd5c8c0bc685cbe3b35dd7ad273624f14f7444e1535a55718f3ae39ce4f1a
discovery,scheduled_rotation_slower_noisy,99400001,graph_forecast_iot,0.75,2908774774.9151983,2473.0,0.5156512444648038,23.625000530574468,23.625000216466777,31.500000000000007,c21cd5c8c0bc685cbe3b35dd7ad273624f14f7444e1535a55718f3ae39ce4f1a
discovery,scheduled_rotation_slower_noisy,99400001,graph_forecast_iot,1.0,2816070777.8678236,2259.0,0.5487860742098031,31.50000000000002,31.499999990924053,31.500000000000007,c21cd5c8c0bc685cbe3b35dd7ad273624f14f7444e1535a55718f3ae39ce4f1a
discovery,scheduled_rotation_slower_noisy,99400002,static_ot,0.0,3757341438.3786883,3490.0,0.40459190816183677,0.0,0.0,31.500000000000007,3767cec32fb5d363a83f4f3efe29a6eea4fb4edc3296c65a94548d3986d5b820
discovery,scheduled_rotation_slower_noisy,99400002,static_ot,0.0625,3739763315.9432626,3451.0,0.4100517989640207,7.875000000000002,7.874999999999992,31.500000000000007,3767cec32fb5d363a83f4f3efe29a6eea4fb4edc3296c65a94548d3986d5b820
discovery,scheduled_rotation_slower_noisy,99400002,static_ot,0.125,3583324673.8614383,3243.0,0.4409911801763965,15.750000000000004,15.749999999999984,31.500000000000007,3767cec32fb5d363a83f4f3efe29a6eea4fb4edc3296c65a94548d3986d5b820
discovery,scheduled_rotation_slower_noisy,99400002,static_ot,0.1875,3576579174.9099293,3199.0,0.4484110317793644,23.624999999999996,23.624999999999982,31.500000000000007,3767cec32fb5d363a83f4f3efe29a6eea4fb4edc3296c65a94548d3986d5b820
discovery,scheduled_rotation_slower_noisy,99400002,static_ot,0.25,3417538948.13525,2922.0,0.49055018899622005,31.500000000000007,31.499999999999968,31.500000000000007,3767cec32fb5d363a83f4f3efe29a6eea4fb4edc3296c65a94548d3986d5b820
discovery,scheduled_rotation_slower_noisy,99400002,forecast_iot,0.0,3757341438.3786883,3490.0,0.40459190816183677,0.0,0.0,31.500000000000007,3767cec32fb5d363a83f4f3efe29a6eea4fb4edc3296c65a94548d3986d5b820
discovery,scheduled_rotation_slower_noisy,99400002,forecast_iot,0.25,3735666643.771845,3440.0,0.4114517709645807,7.875000670552253,7.875000292507873,31.500000000000007,3767cec32fb5d363a83f4f3efe29a6eea4fb4edc3296c65a94548d3986d5b820
discovery,scheduled_rotation_slower_noisy,99400002,forecast_iot,0.5,3626231708.7451878,3222.0,0.4419711605767885,15.750000451505183,15.750000201536142,31.500000000000007,3767cec32fb5d363a83f4f3efe29a6eea4fb4edc3296c65a94548d3986d5b820
discovery,scheduled_rotation_slower_noisy,99400002,forecast_iot,0.75,3478112323.0458803,2942.0,0.48369032619347613,23.625000593438745,23.625000288267394,31.500000000000007,3767cec32fb5d363a83f4f3efe29a6eea4fb4edc3296c65a94548d3986d5b820
discovery,scheduled_rotation_slower_noisy,99400002,forecast_iot,1.0,3376880943.404926,2729.0,0.5158896822063559,31.50000000000001,31.499999995254125,31.500000000000007,3767cec32fb5d363a83f4f3efe29a6eea4fb4edc3296c65a94548d3986d5b820
discovery,scheduled_rotation_slower_noisy,99400002,graph_forecast_iot,0.0,3757341438.3786883,3490.0,0.40459190816183677,0.0,0.0,31.500000000000007,3767cec32fb5d363a83f4f3efe29a6eea4fb4edc3296c65a94548d3986d5b820
discovery,scheduled_rotation_slower_noisy,99400002,graph_forecast_iot,0.25,3718802453.1462846,3425.0,0.4141117177656447,7.875000536441802,7.875000219381133,31.500000000000007,3767cec32fb5d363a83f4f3efe29a6eea4fb4edc3296c65a94548d3986d5b820
discovery,scheduled_rotation_slower_noisy,99400002,graph_forecast_iot,0.5,3626976012.5318446,3233.0,0.4412711745765085,15.750000435858963,15.750000294036205,31.500000000000007,3767cec32fb5d363a83f4f3efe29a6eea4fb4edc3296c65a94548d3986d5b820
discovery,scheduled_rotation_slower_noisy,99400002,graph_forecast_iot,0.75,3489713813.1027584,2977.0,0.47837043259134815,23.625000607967376,23.625000325157046,31.500000000000007,3767cec32fb5d363a83f4f3efe29a6eea4fb4edc3296c65a94548d3986d5b820
discovery,scheduled_rotation_slower_noisy,99400002,graph_forecast_iot,1.0,3362995390.300823,2735.0,0.5153296934061319,31.500000000000014,31.499999985378757,31.500000000000007,3767cec32fb5d363a83f4f3efe29a6eea4fb4edc3296c65a94548d3986d5b820
validation,scheduled_rotation_forward,99500000,static_ot,0.25,3577008839.447297,3149.0,0.45661411925976697,31.500000000000007,31.499999999999968,31.500000000000007,3896033d8499ddcba01251e1cacccd2add13189fdee677da7214c557f82eb090
validation,scheduled_rotation_forward,99500000,forecast_iot,1.0,3513538252.616741,2890.0,0.4895133653187114,31.500000000000014,31.499999977450425,31.500000000000007,3896033d8499ddcba01251e1cacccd2add13189fdee677da7214c557f82eb090
validation,scheduled_rotation_forward,99500000,graph_forecast_iot,1.0,3507263481.401283,2920.0,0.48636052090472925,31.50000000000001,31.49999996287991,31.500000000000007,3896033d8499ddcba01251e1cacccd2add13189fdee677da7214c557f82eb090
validation,scheduled_rotation_forward,99500001,static_ot,0.25,2783193614.178584,2321.0,0.5291432049916299,31.500000000000007,31.499999999999968,31.500000000000007,b55efa5bf8a20efc2655b759584fe25b02220315c63695253b55df58c53f1c49
validation,scheduled_rotation_forward,99500001,forecast_iot,1.0,2769786335.314634,2107.0,0.5524273322173185,31.500000000000014,31.49999999874654,31.500000000000007,b55efa5bf8a20efc2655b759584fe25b02220315c63695253b55df58c53f1c49
validation,scheduled_rotation_forward,99500001,graph_forecast_iot,1.0,2767565141.19614,2143.0,0.5489271039415614,31.500000000000014,31.499999999016605,31.500000000000007,b55efa5bf8a20efc2655b759584fe25b02220315c63695253b55df58c53f1c49
validation,scheduled_rotation_forward,99500002,static_ot,0.25,3355742305.4535704,2964.0,0.4606122152908748,31.500000000000007,31.499999999999968,31.500000000000007,255ac3fde071ca22f2b0034155da37fb5b05d93b3cab8c15fe4999fbeb39d781
validation,scheduled_rotation_forward,99500002,forecast_iot,1.0,3338476445.434806,2764.0,0.486000290149427,31.500000000000014,31.49999998341258,31.500000000000007,255ac3fde071ca22f2b0034155da37fb5b05d93b3cab8c15fe4999fbeb39d781
validation,scheduled_rotation_forward,99500002,graph_forecast_iot,1.0,3373633950.05737,2845.0,0.47526476135209633,31.500000000000018,31.499999997625242,31.500000000000007,255ac3fde071ca22f2b0034155da37fb5b05d93b3cab8c15fe4999fbeb39d781
validation,scheduled_rotation_forward,99500003,static_ot,0.25,3709407962.3009367,3139.0,0.4728641911191898,31.500000000000007,31.499999999999968,31.500000000000007,416eb041d7990147123bd8dd97c64afa0790a745927c32a3112d157c95719d4d
validation,scheduled_rotation_forward,99500003,forecast_iot,1.0,3826513046.5804696,3153.0,0.46572318878213453,31.500000000000018,31.499999986158258,31.500000000000007,416eb041d7990147123bd8dd97c64afa0790a745927c32a3112d157c95719d4d
validation,scheduled_rotation_forward,99500003,graph_forecast_iot,1.0,3803224586.9211245,3142.0,0.46728122565567387,31.500000000000018,31.49999999048708,31.500000000000007,416eb041d7990147123bd8dd97c64afa0790a745927c32a3112d157c95719d4d
validation,scheduled_rotation_forward,99500004,static_ot,0.25,3136510115.336494,2592.0,0.5125906956892873,31.500000000000007,31.499999999999968,31.500000000000007,cdfac3100058ee20a6890093bd0b3dc1e8f01bc298a9a3582700f98ea3111f6a
validation,scheduled_rotation_forward,99500004,forecast_iot,1.0,3146345616.7651153,2414.0,0.5306586996727842,31.500000000000014,31.499999990456182,31.500000000000007,cdfac3100058ee20a6890093bd0b3dc1e8f01bc298a9a3582700f98ea3111f6a
validation,scheduled_rotation_forward,99500004,graph_forecast_iot,1.0,3124493791.2299376,2419.0,0.5302318964290795,31.500000000000014,31.499999963917805,31.500000000000007,cdfac3100058ee20a6890093bd0b3dc1e8f01bc298a9a3582700f98ea3111f6a
validation,scheduled_rotation_forward,99500005,static_ot,0.25,3281593184.9400134,2791.0,0.47830388692579506,31.500000000000007,31.499999999999968,31.500000000000007,07a8ded7eb590e7e24cc0d518182af706fbd6277209cb24473f4e8595e8e2b14
validation,scheduled_rotation_forward,99500005,forecast_iot,1.0,3220688322.664665,2540.0,0.5113780918727915,31.500000000000014,31.499999991444994,31.500000000000007,07a8ded7eb590e7e24cc0d518182af706fbd6277209cb24473f4e8595e8e2b14
validation,scheduled_rotation_forward,99500005,graph_forecast_iot,1.0,3226391046.4341974,2581.0,0.5064310954063604,31.500000000000014,31.499999962770964,31.500000000000007,07a8ded7eb590e7e24cc0d518182af706fbd6277209cb24473f4e8595e8e2b14
validation,scheduled_rotation_forward,99500006,static_ot,0.25,3365921496.308932,2876.0,0.48767779186030136,31.500000000000007,31.499999999999968,31.500000000000007,284a8f5e515474bd1c834241fef9a9c5457404a0f1b8891f157922c74ad5d9cc
validation,scheduled_rotation_forward,99500006,forecast_iot,1.0,3318193654.999233,2634.0,0.5148570623855795,31.500000000000014,31.499999984466058,31.500000000000007,284a8f5e515474bd1c834241fef9a9c5457404a0f1b8891f157922c74ad5d9cc
validation,scheduled_rotation_forward,99500006,graph_forecast_iot,1.0,3296527144.89508,2639.0,0.515138712857344,31.500000000000014,31.49999997898677,31.500000000000007,284a8f5e515474bd1c834241fef9a9c5457404a0f1b8891f157922c74ad5d9cc
validation,scheduled_rotation_forward,99500007,static_ot,0.25,3666842795.8651166,3240.0,0.43907675791733763,31.500000000000007,31.499999999999968,31.500000000000007,5b53f82ba2cab730bed69e48fcb9be6d2f1df753c24aeb66215a8fcef4a00ffb
validation,scheduled_rotation_forward,99500007,forecast_iot,1.0,3646587333.901622,2996.0,0.4656468062265164,31.500000000000018,31.499999998892203,31.500000000000007,5b53f82ba2cab730bed69e48fcb9be6d2f1df753c24aeb66215a8fcef4a00ffb
validation,scheduled_rotation_forward,99500007,graph_forecast_iot,1.0,3650937824.1234913,3025.0,0.46121846484165324,31.50000000000001,31.499999982732476,31.500000000000007,5b53f82ba2cab730bed69e48fcb9be6d2f1df753c24aeb66215a8fcef4a00ffb
validation,scheduled_rotation_reverse,99500000,static_ot,0.25,2844484571.217849,2352.0,0.5445772058823529,31.500000000000007,31.499999999999968,31.500000000000007,2754dca45a8499afab862e0140525957c6ca142415aeb6ddfc4fad4dc01e38f4
validation,scheduled_rotation_reverse,99500000,forecast_iot,1.0,2863974852.0453076,2185.0,0.5608149509803921,31.500000000000014,31.499999963151694,31.500000000000007,2754dca45a8499afab862e0140525957c6ca142415aeb6ddfc4fad4dc01e38f4
validation,scheduled_rotation_reverse,99500000,graph_forecast_iot,1.0,2880836199.3988867,2225.0,0.5559129901960784,31.500000000000018,31.49999998133485,31.500000000000007,2754dca45a8499afab862e0140525957c6ca142415aeb6ddfc4fad4dc01e38f4
validation,scheduled_rotation_reverse,99500001,static_ot,0.25,3480618586.244554,3082.0,0.4747131321716957,31.500000000000007,31.499999999999968,31.500000000000007,d8d1bf543626bbcda929cdfeed0454624ed7bbf8e90b0f73b96f92d4ec701b48
validation,scheduled_rotation_reverse,99500001,forecast_iot,1.0,3437222942.3186297,2805.0,0.5053123671908202,31.500000000000014,31.499999994056434,31.500000000000007,d8d1bf543626bbcda929cdfeed0454624ed7bbf8e90b0f73b96f92d4ec701b48
validation,scheduled_rotation_reverse,99500001,graph_forecast_iot,1.0,3415351354.978583,2813.0,0.5060206828162629,31.500000000000014,31.499999990390435,31.500000000000007,d8d1bf543626bbcda929cdfeed0454624ed7bbf8e90b0f73b96f92d4ec701b48
validation,scheduled_rotation_reverse,99500002,static_ot,0.25,2651586786.927879,2223.0,0.5477497255762898,31.500000000000007,31.499999999999968,31.500000000000007,957ff35b67c47bfdfe573a154190580bda3a4d08710f3c632326de5f6e48c575
validation,scheduled_rotation_reverse,99500002,forecast_iot,1.0,2572702962.0391903,1936.0,0.5827191469342952,31.500000000000014,31.499999993708037,31.500000000000007,957ff35b67c47bfdfe573a154190580bda3a4d08710f3c632326de5f6e48c575
validation,scheduled_rotation_reverse,99500002,graph_forecast_iot,1.0,2583173315.7342076,1980.0,0.57879880821703,31.500000000000014,31.49999998554799,31.500000000000007,957ff35b67c47bfdfe573a154190580bda3a4d08710f3c632326de5f6e48c575
validation,scheduled_rotation_reverse,99500003,static_ot,0.25,2965913718.6953354,2526.0,0.5083006338665862,31.500000000000007,31.499999999999968,31.500000000000007,a8c9a449f80d78622a84b7fe5920efd2eff2470134eba87a78781a0338ceaff7
validation,scheduled_rotation_reverse,99500003,forecast_iot,1.0,2966039614.7517786,2339.0,0.5279203139148808,31.500000000000014,31.499999991441843,31.500000000000007,a8c9a449f80d78622a84b7fe5920efd2eff2470134eba87a78781a0338ceaff7
validation,scheduled_rotation_reverse,99500003,graph_forecast_iot,1.0,2956955477.157867,2363.0,0.525505584062783,31.500000000000014,31.499999991493397,31.500000000000007,a8c9a449f80d78622a84b7fe5920efd2eff2470134eba87a78781a0338ceaff7
validation,scheduled_rotation_reverse,99500004,static_ot,0.25,3264190263.198382,2859.0,0.4887917665303821,31.500000000000007,31.499999999999968,31.500000000000007,db48783a7adf91690286bc8736752d16ad29f982c15af15bec60fc861d331558
validation,scheduled_rotation_reverse,99500004,forecast_iot,1.0,3206484472.095909,2611.0,0.5174115324968278,31.500000000000014,31.499999998752195,31.500000000000007,db48783a7adf91690286bc8736752d16ad29f982c15af15bec60fc861d331558
validation,scheduled_rotation_reverse,99500004,graph_forecast_iot,1.0,3211534566.4026256,2664.0,0.5129000422952207,31.500000000000014,31.499999994041648,31.500000000000007,db48783a7adf91690286bc8736752d16ad29f982c15af15bec60fc861d331558
validation,scheduled_rotation_reverse,99500005,static_ot,0.25,3237748139.9076767,2818.0,0.49016228637081716,31.500000000000007,31.499999999999968,31.500000000000007,5c0759eed6f98b4c819fab3548b3ec876e6992a6a58604266b6b3029bc91b4dc
validation,scheduled_rotation_reverse,99500005,forecast_iot,1.0,3213241583.538711,2630.0,0.5121355737469482,31.500000000000014,31.499999994091375,31.500000000000007,5c0759eed6f98b4c819fab3548b3ec876e6992a6a58604266b6b3029bc91b4dc
validation,scheduled_rotation_reverse,99500005,graph_forecast_iot,1.0,3224189688.385884,2674.0,0.5066781559672555,31.500000000000014,31.499999999267505,31.500000000000007,5c0759eed6f98b4c819fab3548b3ec876e6992a6a58604266b6b3029bc91b4dc
validation,scheduled_rotation_reverse,99500006,static_ot,0.25,3560312582.399169,3061.0,0.4710970753810243,31.500000000000007,31.499999999999968,31.500000000000007,7981cab58cb9c5a35eebfd7fab9d00d324cdaf32ebc22bc6da30b79f52330327
validation,scheduled_rotation_reverse,99500006,forecast_iot,1.0,3515442547.2945337,2854.0,0.49526294109570235,31.500000000000014,31.499999980950022,31.500000000000007,7981cab58cb9c5a35eebfd7fab9d00d324cdaf32ebc22bc6da30b79f52330327
validation,scheduled_rotation_reverse,99500006,graph_forecast_iot,1.0,3536273575.7865543,2922.0,0.48688727172868324,31.500000000000014,31.499999996944158,31.500000000000007,7981cab58cb9c5a35eebfd7fab9d00d324cdaf32ebc22bc6da30b79f52330327
validation,scheduled_rotation_reverse,99500007,static_ot,0.25,2960282729.7194853,2460.0,0.5305911838419578,31.500000000000007,31.499999999999968,31.500000000000007,dea884f5429053d31fe9d2dd7b489689d85e0bbaddc836be6e549c087d8996bf
validation,scheduled_rotation_reverse,99500007,forecast_iot,1.0,3000201742.796305,2319.0,0.5404688191065901,31.500000000000014,31.49999999735655,31.500000000000007,dea884f5429053d31fe9d2dd7b489689d85e0bbaddc836be6e549c087d8996bf
validation,scheduled_rotation_reverse,99500007,graph_forecast_iot,1.0,2983774259.2455835,2344.0,0.5388471177944862,31.500000000000018,31.49999998335282,31.500000000000007,dea884f5429053d31fe9d2dd7b489689d85e0bbaddc836be6e549c087d8996bf
validation,scheduled_rotation_slower_noisy,99500000,static_ot,0.25,3381349085.6801887,2917.0,0.4728398536448072,31.500000000000007,31.499999999999968,31.500000000000007,80058443748e58abe5b3a6d1cf627e5d8ff31f8c1820f2d55ea76c0132e81719
validation,scheduled_rotation_slower_noisy,99500000,forecast_iot,1.0,3353283148.818071,2730.0,0.49549676329862086,31.500000000000018,31.49999999715326,31.500000000000007,80058443748e58abe5b3a6d1cf627e5d8ff31f8c1820f2d55ea76c0132e81719
validation,scheduled_rotation_slower_noisy,99500000,graph_forecast_iot,1.0,3353424113.013937,2767.0,0.49085280045032365,31.50000000000001,31.499999995060556,31.500000000000007,80058443748e58abe5b3a6d1cf627e5d8ff31f8c1820f2d55ea76c0132e81719
validation,scheduled_rotation_slower_noisy,99500001,static_ot,0.25,3094210666.973249,2624.0,0.516552428175587,31.500000000000007,31.499999999999968,31.500000000000007,595206453abed4f6cbdabb41751d64f2bac7ed17cc2ffdd1eb657a2949925d7b
validation,scheduled_rotation_slower_noisy,99500001,forecast_iot,1.0,3102745233.5292206,2465.0,0.534052792766516,31.500000000000018,31.49999997577737,31.500000000000007,595206453abed4f6cbdabb41751d64f2bac7ed17cc2ffdd1eb657a2949925d7b
validation,scheduled_rotation_slower_noisy,99500001,graph_forecast_iot,1.0,3109837208.707214,2521.0,0.5270526469301444,31.500000000000014,31.499999956646864,31.500000000000007,595206453abed4f6cbdabb41751d64f2bac7ed17cc2ffdd1eb657a2949925d7b
validation,scheduled_rotation_slower_noisy,99500002,static_ot,0.25,3302217286.3323197,2905.0,0.4714161346488683,31.500000000000007,31.499999999999968,31.500000000000007,2274a12657ac9dc6a6e1d839bc82b7bf5a05ab7dadc639c39edbd4aaf8c443c9
validation,scheduled_rotation_slower_noisy,99500002,forecast_iot,1.0,3252258369.462823,2676.0,0.4991294254207777,31.500000000000014,31.499999966219765,31.500000000000007,2274a12657ac9dc6a6e1d839bc82b7bf5a05ab7dadc639c39edbd4aaf8c443c9
validation,scheduled_rotation_slower_noisy,99500002,graph_forecast_iot,1.0,3260730337.842279,2721.0,0.4926001160766106,31.500000000000018,31.49999999207026,31.500000000000007,2274a12657ac9dc6a6e1d839bc82b7bf5a05ab7dadc639c39edbd4aaf8c443c9
validation,scheduled_rotation_slower_noisy,99500003,static_ot,0.25,3122946618.291067,2621.0,0.499,31.500000000000007,31.499999999999968,31.500000000000007,dd378818089d6904ebcd4b121c5d9c7fe743fdda8f0f858a1b07a8fb7c3a30d2
validation,scheduled_rotation_slower_noisy,99500003,forecast_iot,1.0,3151396391.730042,2463.0,0.5171428571428571,31.500000000000014,31.499999997758405,31.500000000000007,dd378818089d6904ebcd4b121c5d9c7fe743fdda8f0f858a1b07a8fb7c3a30d2
validation,scheduled_rotation_slower_noisy,99500003,graph_forecast_iot,1.0,3125013053.2735243,2474.0,0.5161428571428571,31.500000000000014,31.49999999221639,31.500000000000007,dd378818089d6904ebcd4b121c5d9c7fe743fdda8f0f858a1b07a8fb7c3a30d2
validation,scheduled_rotation_slower_noisy,99500004,static_ot,0.25,2861323619.2562695,2359.0,0.5386918126029038,31.500000000000007,31.499999999999968,31.500000000000007,818ac17acf6b1ea28bcf95927253d60e8d9152ef093cbc0a96600f77d90b0c29
validation,scheduled_rotation_slower_noisy,99500004,forecast_iot,1.0,2836248929.865365,2162.0,0.5648854961832062,31.500000000000014,31.499999994125105,31.500000000000007,818ac17acf6b1ea28bcf95927253d60e8d9152ef093cbc0a96600f77d90b0c29
validation,scheduled_rotation_slower_noisy,99500004,graph_forecast_iot,1.0,2831279848.612283,2197.0,0.5605448286184703,31.500000000000014,31.499999990373713,31.500000000000007,818ac17acf6b1ea28bcf95927253d60e8d9152ef093cbc0a96600f77d90b0c29
validation,scheduled_rotation_slower_noisy,99500005,static_ot,0.25,3161678031.8708663,2717.0,0.4784014105201293,31.500000000000007,31.499999999999968,31.500000000000007,4322efeb8c8ef6f684005036778504960e8e48ae0194feb4fd04bdbcc247b9ac
validation,scheduled_rotation_slower_noisy,99500005,forecast_iot,1.0,3074715508.8391423,2459.0,0.5126359094916251,31.500000000000014,31.4999999953696,31.500000000000007,4322efeb8c8ef6f684005036778504960e8e48ae0194feb4fd04bdbcc247b9ac
validation,scheduled_rotation_slower_noisy,99500005,graph_forecast_iot,1.0,3090399399.7091904,2509.0,0.5052894504848663,31.500000000000014,31.499999984896927,31.500000000000007,4322efeb8c8ef6f684005036778504960e8e48ae0194feb4fd04bdbcc247b9ac
validation,scheduled_rotation_slower_noisy,99500006,static_ot,0.25,3119635262.9827895,2644.0,0.48268868607851656,31.500000000000007,31.499999999999968,31.500000000000007,9aa7fa086dea0344e3ed1c0ca185a989fdee19ca518584940b58840eab0c3add
validation,scheduled_rotation_slower_noisy,99500006,forecast_iot,1.0,3020946354.8096795,2324.0,0.5236853541938288,31.500000000000014,31.49999998671057,31.500000000000007,9aa7fa086dea0344e3ed1c0ca185a989fdee19ca518584940b58840eab0c3add
validation,scheduled_rotation_slower_noisy,99500006,graph_forecast_iot,1.0,3000874608.4068327,2343.0,0.5222367086773867,31.50000000000001,31.49999998448535,31.500000000000007,9aa7fa086dea0344e3ed1c0ca185a989fdee19ca518584940b58840eab0c3add
validation,scheduled_rotation_slower_noisy,99500007,static_ot,0.25,3569374067.178207,3030.0,0.46297304655594884,31.500000000000007,31.499999999999968,31.500000000000007,399923c28b11944499dce20839c446d96908687216ceee074ebd5d106fdda547
validation,scheduled_rotation_slower_noisy,99500007,forecast_iot,1.0,3542862159.936143,2839.0,0.4828478083310645,31.500000000000014,31.499999984773353,31.500000000000007,399923c28b11944499dce20839c446d96908687216ceee074ebd5d106fdda547
validation,scheduled_rotation_slower_noisy,99500007,graph_forecast_iot,1.0,3545716768.4940786,2875.0,0.4793084671930302,31.500000000000018,31.499999993513082,31.500000000000007,399923c28b11944499dce20839c446d96908687216ceee074ebd5d106fdda547
