training_seed,scenario,step,configured_horizon,horizon,rollout_seed_start,rollout_replications,candidate_index,candidate_label,total_cost,true_cost_advantage,completion_service_level,patients_lost,patient_ineligibility_during_manufacturing_rate
60,routing_persistent_hotspot_cluster1,0,4,4,98000000,3,0,mdl2,18047554.116962817,0.0,0.19512720379517579,0.0,0.0
60,routing_persistent_hotspot_cluster1,0,4,4,98000000,3,1,specimen_transfer:+1x0.05,18047554.116962817,0.0,0.19512720379517579,0.0,0.0
60,routing_persistent_hotspot_cluster1,0,4,4,98000000,3,2,specimen_transfer:-1x0.05,18047554.116962817,0.0,0.19512720379517579,0.0,0.0
60,routing_persistent_hotspot_cluster1,0,4,4,98000000,3,3,specimen_transfer:+1x0.1,18047554.116962817,0.0,0.19512720379517579,0.0,0.0
60,routing_persistent_hotspot_cluster1,0,4,4,98000000,3,4,specimen_transfer:-1x0.1,18047554.116962817,0.0,0.19512720379517579,0.0,0.0
60,routing_persistent_hotspot_cluster1,0,remaining,52,98000010,3,0,mdl2,2615758085.77148,0.0,0.49447017948561434,2300.0,0.06814877924873743
60,routing_persistent_hotspot_cluster1,0,remaining,52,98000010,3,1,specimen_transfer:+1x0.05,2615758085.77148,0.0,0.49447017948561434,2300.0,0.06814877924873743
60,routing_persistent_hotspot_cluster1,0,remaining,52,98000010,3,2,specimen_transfer:-1x0.05,2615758085.77148,0.0,0.49447017948561434,2300.0,0.06814877924873743
60,routing_persistent_hotspot_cluster1,0,remaining,52,98000010,3,3,specimen_transfer:+1x0.1,2615758085.77148,0.0,0.49447017948561434,2300.0,0.06814877924873743
60,routing_persistent_hotspot_cluster1,0,remaining,52,98000010,3,4,specimen_transfer:-1x0.1,2615758085.77148,0.0,0.49447017948561434,2300.0,0.06814877924873743
60,routing_persistent_hotspot_cluster1,6,4,4,98000600,3,0,mdl2,101822939.10696562,0.0,0.3958401632251591,32.0,0.006980802792321117
60,routing_persistent_hotspot_cluster1,6,4,4,98000600,3,1,specimen_transfer:+1x0.05,100638335.76453458,1184603.3424310386,0.396715915798666,30.333333333333332,0.006980802792321117
60,routing_persistent_hotspot_cluster1,6,4,4,98000600,3,2,specimen_transfer:-1x0.05,102100180.59543718,-277241.48847156763,0.3937988030056813,32.0,0.007017543859649123
60,routing_persistent_hotspot_cluster1,6,4,4,98000600,3,3,specimen_transfer:+1x0.1,99979135.19479485,1843803.9121707678,0.3949644106516521,29.333333333333332,0.006980802792321117
60,routing_persistent_hotspot_cluster1,6,4,4,98000600,3,4,specimen_transfer:-1x0.1,101579886.79669474,243052.3102708757,0.3911715452851603,30.666666666666668,0.006444053895723491
60,routing_persistent_hotspot_cluster1,6,remaining,46,98000610,3,0,mdl2,2584564241.907223,0.0,0.48985448414539107,2324.0,0.07414544874619466
60,routing_persistent_hotspot_cluster1,6,remaining,46,98000610,3,1,specimen_transfer:+1x0.05,2587790262.6500745,-3226020.7428512573,0.48978665520907505,2324.3333333333335,0.07426141418957917
60,routing_persistent_hotspot_cluster1,6,remaining,46,98000610,3,2,specimen_transfer:-1x0.05,2589107747.872818,-4543505.9655947685,0.4883282386006109,2333.3333333333335,0.0758563750385706
60,routing_persistent_hotspot_cluster1,6,remaining,46,98000610,3,3,specimen_transfer:+1x0.1,2591804835.2520523,-7240593.3448290825,0.48933119627935123,2326.0,0.0742867053675556
60,routing_persistent_hotspot_cluster1,6,remaining,46,98000610,3,4,specimen_transfer:-1x0.1,2593522382.026233,-8958140.119009972,0.48730110816641875,2338.3333333333335,0.07480767844498927
60,routing_persistent_hotspot_cluster1,12,4,4,98001200,3,0,mdl2,237037857.3861858,0.0,0.4522646103976147,230.0,0.03011424802443533
60,routing_persistent_hotspot_cluster1,12,4,4,98001200,3,1,specimen_transfer:+1x0.05,235048192.70144692,1989664.6847388744,0.45469036056272927,227.66666666666666,0.026050718340864327
60,routing_persistent_hotspot_cluster1,12,4,4,98001200,3,2,specimen_transfer:-1x0.05,238258098.14753005,-1220240.761344254,0.4528212538042387,233.33333333333334,0.0305976211541905
60,routing_persistent_hotspot_cluster1,12,4,4,98001200,3,3,specimen_transfer:+1x0.1,231414106.6261289,5623750.760056883,0.45636541467531305,222.0,0.02396666087359518
60,routing_persistent_hotspot_cluster1,12,4,4,98001200,3,4,specimen_transfer:-1x0.1,237444812.75210813,-406955.3659223318,0.4530051111309532,233.0,0.029298968658096235
60,routing_persistent_hotspot_cluster1,12,remaining,40,98001210,3,0,mdl2,2316510075.0189633,0.0,0.49486231046570706,2167.3333333333335,0.07148597981569983
60,routing_persistent_hotspot_cluster1,12,remaining,40,98001210,3,1,specimen_transfer:+1x0.05,2314512063.8959107,1998011.123052597,0.4959511667929512,2162.3333333333335,0.06925691766770593
60,routing_persistent_hotspot_cluster1,12,remaining,40,98001210,3,2,specimen_transfer:-1x0.05,2311055791.630663,5454283.388300419,0.4948051343308424,2169.3333333333335,0.070952653473832
60,routing_persistent_hotspot_cluster1,12,remaining,40,98001210,3,3,specimen_transfer:+1x0.1,2313973536.515062,2536538.5039014816,0.4965791851240116,2159.3333333333335,0.06889715726876709
60,routing_persistent_hotspot_cluster1,12,remaining,40,98001210,3,4,specimen_transfer:-1x0.1,2309587860.777063,6922214.241900444,0.4942899500655295,2170.6666666666665,0.07050542204311565
60,routing_persistent_hotspot_cluster1,18,4,4,98001800,3,0,mdl2,215520349.52387202,0.0,0.4668682986250476,201.0,0.051840721262208865
60,routing_persistent_hotspot_cluster1,18,4,4,98001800,3,1,specimen_transfer:+1x0.05,213367125.1207327,2153224.403139323,0.4685093119769809,199.0,0.04894578313253012
60,routing_persistent_hotspot_cluster1,18,4,4,98001800,3,2,specimen_transfer:-1x0.05,217074118.8389503,-1553769.3150782883,0.4668682986250476,204.33333333333334,0.0518796992481203
60,routing_persistent_hotspot_cluster1,18,4,4,98001800,3,3,specimen_transfer:+1x0.1,211884040.35568056,3636309.1681914628,0.46891956531496426,197.0,0.04819277108433736
60,routing_persistent_hotspot_cluster1,18,4,4,98001800,3,4,specimen_transfer:-1x0.1,217169134.2432343,-1648784.7193622887,0.4668682986250476,204.66666666666666,0.0518796992481203
60,routing_persistent_hotspot_cluster1,18,remaining,34,98001810,3,0,mdl2,2075617960.2909596,0.0,0.4761483516220095,1925.0,0.08165276853286874
60,routing_persistent_hotspot_cluster1,18,remaining,34,98001810,3,1,specimen_transfer:+1x0.05,2072731128.7888691,2886831.502090454,0.4768906949811846,1921.3333333333333,0.07974071052162007
60,routing_persistent_hotspot_cluster1,18,remaining,34,98001810,3,2,specimen_transfer:-1x0.05,2073766232.2236326,1851728.0673270226,0.4761429349644621,1925.0,0.081688501367351
60,routing_persistent_hotspot_cluster1,18,remaining,34,98001810,3,3,specimen_transfer:+1x0.1,2070483583.9296486,5134376.361310959,0.47750361457013063,1917.0,0.0782858863288802
60,routing_persistent_hotspot_cluster1,18,remaining,34,98001810,3,4,specimen_transfer:-1x0.1,2072690660.300845,2927299.990114689,0.4761994512976824,1924.6666666666667,0.08158397539264627
60,routing_persistent_hotspot_cluster1,25,4,4,98002500,3,0,mdl2,180418182.02755785,0.0,0.5072472787683543,162.66666666666666,0.05508233957978422
60,routing_persistent_hotspot_cluster1,25,4,4,98002500,3,1,specimen_transfer:+1x0.05,178099826.80410132,2318355.2234565318,0.5082196377691882,160.0,0.05337876206700739
60,routing_persistent_hotspot_cluster1,25,4,4,98002500,3,2,specimen_transfer:-1x0.05,183797556.68710825,-3379374.6595503986,0.5053025607666864,169.0,0.055113636363636365
60,routing_persistent_hotspot_cluster1,25,4,4,98002500,3,3,specimen_transfer:+1x0.1,178233788.3123641,2184393.7151937485,0.5082196377691882,161.33333333333334,0.053946621237933
60,routing_persistent_hotspot_cluster1,25,4,4,98002500,3,4,specimen_transfer:-1x0.1,184160504.18998396,-3742322.162426114,0.5043302017658526,169.0,0.055176336746302616
60,routing_persistent_hotspot_cluster1,25,remaining,27,98002510,3,0,mdl2,1494351778.1907206,0.0,0.5027331750464702,1360.0,0.06953499835678977
60,routing_persistent_hotspot_cluster1,25,remaining,27,98002510,3,1,specimen_transfer:+1x0.05,1492212330.281771,2139447.9089496136,0.5032045722617257,1356.6666666666667,0.0685869779699687
60,routing_persistent_hotspot_cluster1,25,remaining,27,98002510,3,2,specimen_transfer:-1x0.05,1493987681.0823574,364097.10836315155,0.5024435986745847,1363.6666666666667,0.0700882038046521
60,routing_persistent_hotspot_cluster1,25,remaining,27,98002510,3,3,specimen_transfer:+1x0.1,1492292828.375786,2058949.814934492,0.5031449206272708,1357.6666666666667,0.06900593658671521
60,routing_persistent_hotspot_cluster1,25,remaining,27,98002510,3,4,specimen_transfer:-1x0.1,1495488982.9663417,-1137204.7756211758,0.5018568217966687,1366.0,0.07049783843416839
60,routing_persistent_hotspot_cluster1,31,4,4,98003100,3,0,mdl2,188144967.70727897,0.0,0.5162501981261668,161.0,0.051643192488262914
60,routing_persistent_hotspot_cluster1,31,4,4,98003100,3,1,specimen_transfer:+1x0.05,185754552.96633208,2390414.740946889,0.5175960015623664,159.0,0.04978863316110851
60,routing_persistent_hotspot_cluster1,31,4,4,98003100,3,2,specimen_transfer:-1x0.05,187667641.9465742,477325.7607047558,0.5152627296236846,160.0,0.05117370892018779
60,routing_persistent_hotspot_cluster1,31,4,4,98003100,3,3,specimen_transfer:+1x0.1,185569826.9957795,2575140.7114994526,0.5173268408751265,159.33333333333334,0.04978863316110851
60,routing_persistent_hotspot_cluster1,31,4,4,98003100,3,4,specimen_transfer:-1x0.1,187446816.14071593,698151.56656304,0.5151735553772071,159.0,0.05077574047954866
60,routing_persistent_hotspot_cluster1,31,remaining,21,98003110,3,0,mdl2,1123778601.9926355,0.0,0.5134114077205539,1000.3333333333334,0.06337138617245927
60,routing_persistent_hotspot_cluster1,31,remaining,21,98003110,3,1,specimen_transfer:+1x0.05,1120011273.1393034,3767328.8533320427,0.514312469813821,994.3333333333334,0.06147967992638983
60,routing_persistent_hotspot_cluster1,31,remaining,21,98003110,3,2,specimen_transfer:-1x0.05,1125566242.519189,-1787640.5265533924,0.5130603061083784,1002.3333333333334,0.06274270074487519
60,routing_persistent_hotspot_cluster1,31,remaining,21,98003110,3,3,specimen_transfer:+1x0.1,1118850979.7295997,4927622.263035774,0.5144919256619277,992.3333333333334,0.060950088603592335
60,routing_persistent_hotspot_cluster1,31,remaining,21,98003110,3,4,specimen_transfer:-1x0.1,1126802194.421339,-3023592.4287035465,0.5122860396550268,1004.6666666666666,0.06308521166505852
60,routing_persistent_hotspot_cluster1,37,4,4,98003700,3,0,mdl2,188676449.94511977,0.0,0.5283420345029154,165.66666666666666,0.053592861908191236
60,routing_persistent_hotspot_cluster1,37,4,4,98003700,3,1,specimen_transfer:+1x0.05,187687990.58336273,988459.36175704,0.5283420345029154,164.66666666666666,0.053592861908191236
60,routing_persistent_hotspot_cluster1,37,4,4,98003700,3,2,specimen_transfer:-1x0.05,188781635.70055118,-105185.75543141365,0.5283420345029154,166.66666666666666,0.053592861908191236
60,routing_persistent_hotspot_cluster1,37,4,4,98003700,3,3,specimen_transfer:+1x0.1,187365374.19468856,1311075.7504312098,0.5283420345029154,164.66666666666666,0.053592861908191236
60,routing_persistent_hotspot_cluster1,37,4,4,98003700,3,4,specimen_transfer:-1x0.1,188736755.53564635,-60305.59052658081,0.5285752980943075,166.66666666666666,0.053592861908191236
60,routing_persistent_hotspot_cluster1,37,remaining,15,98003710,3,0,mdl2,805170402.0594888,0.0,0.5241872181710611,708.6666666666666,0.059851824258603914
60,routing_persistent_hotspot_cluster1,37,remaining,15,98003710,3,1,specimen_transfer:+1x0.05,804070634.7395798,1099767.3199089766,0.5245528775682587,706.3333333333334,0.05922397932083162
60,routing_persistent_hotspot_cluster1,37,remaining,15,98003710,3,2,specimen_transfer:-1x0.05,804266264.1220952,904137.9373935461,0.524185340490039,709.6666666666666,0.059857737097446545
60,routing_persistent_hotspot_cluster1,37,remaining,15,98003710,3,3,specimen_transfer:+1x0.1,803382294.7788091,1788107.2806797028,0.5246772092852797,705.6666666666666,0.0590147305240122
60,routing_persistent_hotspot_cluster1,37,remaining,15,98003710,3,4,specimen_transfer:-1x0.1,804312576.4452235,857825.6142653227,0.5238799692703296,710.6666666666666,0.06035574133278094
60,routing_persistent_hotspot_cluster1,43,4,4,98004300,3,0,mdl2,193572673.67401633,0.0,0.5331574902373372,165.33333333333334,0.05722260990928122
60,routing_persistent_hotspot_cluster1,43,4,4,98004300,3,1,specimen_transfer:+1x0.05,193906284.60596976,-333610.9319534302,0.5323388223060707,165.66666666666666,0.0575715282623866
60,routing_persistent_hotspot_cluster1,43,4,4,98004300,3,2,specimen_transfer:-1x0.05,194554950.1588099,-982276.4847935736,0.5323388223060707,166.66666666666666,0.05722260990928122
60,routing_persistent_hotspot_cluster1,43,4,4,98004300,3,3,specimen_transfer:+1x0.1,193668860.95758477,-96187.28356844187,0.5323388223060707,164.66666666666666,0.0575715282623866
60,routing_persistent_hotspot_cluster1,43,4,4,98004300,3,4,specimen_transfer:-1x0.1,194050924.04581037,-478250.371794045,0.532134155323254,165.66666666666666,0.05687369155617585
60,routing_persistent_hotspot_cluster1,43,remaining,9,98004310,3,0,mdl2,497401711.8872972,0.0,0.516265944976575,397.3333333333333,0.058428562646655524
60,routing_persistent_hotspot_cluster1,43,remaining,9,98004310,3,1,specimen_transfer:+1x0.05,498618311.40200144,-1216599.5147042274,0.5159640209945846,397.6666666666667,0.058959439367770726
60,routing_persistent_hotspot_cluster1,43,remaining,9,98004310,3,2,specimen_transfer:-1x0.05,498416478.29440355,-1014766.4071063399,0.5160833242634942,398.3333333333333,0.05874966382759871
60,routing_persistent_hotspot_cluster1,43,remaining,9,98004310,3,3,specimen_transfer:+1x0.1,498223431.17133135,-821719.284034133,0.5159640209945846,396.3333333333333,0.058959439367770726
60,routing_persistent_hotspot_cluster1,43,remaining,9,98004310,3,4,specimen_transfer:-1x0.1,498666195.78702635,-1264483.8997291327,0.516142975897949,399.3333333333333,0.05855194252772406
60,routing_persistent_hotspot_cluster1,51,4,1,98005100,3,0,mdl2,49992087.0309184,0.0,0.5271089873185076,35.0,0.05795275590551182
60,routing_persistent_hotspot_cluster1,51,4,1,98005100,3,1,specimen_transfer:+1x0.05,49744671.18394899,247415.84696940333,0.5271089873185076,35.0,0.05795275590551182
60,routing_persistent_hotspot_cluster1,51,4,1,98005100,3,2,specimen_transfer:-1x0.05,50394831.283948995,-402744.25303059816,0.5271089873185076,36.0,0.05795275590551182
60,routing_persistent_hotspot_cluster1,51,4,1,98005100,3,3,specimen_transfer:+1x0.1,48948123.87496372,1043963.1559546739,0.5271089873185076,34.0,0.05795275590551182
60,routing_persistent_hotspot_cluster1,51,4,1,98005100,3,4,specimen_transfer:-1x0.1,50697963.77496371,-705876.7440453097,0.5271089873185076,37.0,0.05795275590551182
60,routing_persistent_hotspot_cluster1,51,remaining,1,98005110,3,0,mdl2,49992087.0309184,0.0,0.5271089873185076,35.0,0.05795275590551182
60,routing_persistent_hotspot_cluster1,51,remaining,1,98005110,3,1,specimen_transfer:+1x0.05,49744671.18394899,247415.84696940333,0.5271089873185076,35.0,0.05795275590551182
60,routing_persistent_hotspot_cluster1,51,remaining,1,98005110,3,2,specimen_transfer:-1x0.05,50394831.283948995,-402744.25303059816,0.5271089873185076,36.0,0.05795275590551182
60,routing_persistent_hotspot_cluster1,51,remaining,1,98005110,3,3,specimen_transfer:+1x0.1,48948123.87496372,1043963.1559546739,0.5271089873185076,34.0,0.05795275590551182
60,routing_persistent_hotspot_cluster1,51,remaining,1,98005110,3,4,specimen_transfer:-1x0.1,50697963.77496371,-705876.7440453097,0.5271089873185076,37.0,0.05795275590551182
61,routing_persistent_hotspot_cluster2,0,4,4,99000000,3,0,mdl2,13125761.45447696,0.0,0.20071059861991167,0.0,0.0
61,routing_persistent_hotspot_cluster2,0,4,4,99000000,3,1,specimen_transfer:+1x0.05,13125761.45447696,0.0,0.20071059861991167,0.0,0.0
61,routing_persistent_hotspot_cluster2,0,4,4,99000000,3,2,specimen_transfer:-1x0.05,13125761.45447696,0.0,0.20071059861991167,0.0,0.0
61,routing_persistent_hotspot_cluster2,0,4,4,99000000,3,3,specimen_transfer:+1x0.1,13125761.45447696,0.0,0.20071059861991167,0.0,0.0
61,routing_persistent_hotspot_cluster2,0,4,4,99000000,3,4,specimen_transfer:-1x0.1,13125761.45447696,0.0,0.20071059861991167,0.0,0.0
61,routing_persistent_hotspot_cluster2,0,remaining,52,99000010,3,0,mdl2,2247841974.502434,0.0,0.5382100092454163,1904.0,0.057064184729305606
61,routing_persistent_hotspot_cluster2,0,remaining,52,99000010,3,1,specimen_transfer:+1x0.05,2247841974.502434,0.0,0.5382100092454163,1904.0,0.057064184729305606
61,routing_persistent_hotspot_cluster2,0,remaining,52,99000010,3,2,specimen_transfer:-1x0.05,2247841974.502434,0.0,0.5382100092454163,1904.0,0.057064184729305606
61,routing_persistent_hotspot_cluster2,0,remaining,52,99000010,3,3,specimen_transfer:+1x0.1,2247841974.502434,0.0,0.5382100092454163,1904.0,0.057064184729305606
61,routing_persistent_hotspot_cluster2,0,remaining,52,99000010,3,4,specimen_transfer:-1x0.1,2247841974.502434,0.0,0.5382100092454163,1904.0,0.057064184729305606
61,routing_persistent_hotspot_cluster2,6,4,4,99000600,3,0,mdl2,84037798.75375395,0.0,0.4353235530548512,29.0,0.0017006901267260413
61,routing_persistent_hotspot_cluster2,6,4,4,99000600,3,1,specimen_transfer:+1x0.05,82291651.55321011,1746147.2005438358,0.4346873652904792,26.0,0.0017026249502601672
61,routing_persistent_hotspot_cluster2,6,4,4,99000600,3,2,specimen_transfer:-1x0.05,85469457.68564552,-1431658.9318915755,0.4324907753439902,31.333333333333332,0.0017026249502601672
61,routing_persistent_hotspot_cluster2,6,4,4,99000600,3,3,specimen_transfer:+1x0.1,81378188.22898898,2659610.52476497,0.43405117752610717,25.0,0.0017026249502601672
61,routing_persistent_hotspot_cluster2,6,4,4,99000600,3,4,specimen_transfer:-1x0.1,85054257.05361187,-1016458.2998579293,0.43215542993822237,31.0,0.0017026249502601672
61,routing_persistent_hotspot_cluster2,6,remaining,46,99000610,3,0,mdl2,2297777862.9178295,0.0,0.5350533836426098,2051.0,0.060215606662165334
61,routing_persistent_hotspot_cluster2,6,remaining,46,99000610,3,1,specimen_transfer:+1x0.05,2303078066.4802823,-5300203.562452793,0.5348304927477029,2051.0,0.05932128452303257
61,routing_persistent_hotspot_cluster2,6,remaining,46,99000610,3,2,specimen_transfer:-1x0.05,2304018313.822781,-6240450.904951572,0.5332291507184237,2061.3333333333335,0.0600714434348966
61,routing_persistent_hotspot_cluster2,6,remaining,46,99000610,3,3,specimen_transfer:+1x0.1,2306276792.793156,-8498929.875326633,0.5352038076468532,2050.0,0.05929094107492827
61,routing_persistent_hotspot_cluster2,6,remaining,46,99000610,3,4,specimen_transfer:-1x0.1,2304444961.2617292,-6667098.343899727,0.5318479544725935,2068.3333333333335,0.06051681954036964
61,routing_persistent_hotspot_cluster2,12,4,4,99001200,3,0,mdl2,141482766.77477202,0.0,0.5294333686809077,122.0,0.016249157415432022
61,routing_persistent_hotspot_cluster2,12,4,4,99001200,3,1,specimen_transfer:+1x0.05,139786322.93210748,1696443.8426645398,0.5294333686809077,119.33333333333333,0.017264729753896525
61,routing_persistent_hotspot_cluster2,12,4,4,99001200,3,2,specimen_transfer:-1x0.05,141716760.06105778,-233993.28628575802,0.5263043298589166,122.0,0.016265676390232877
61,routing_persistent_hotspot_cluster2,12,4,4,99001200,3,3,specimen_transfer:+1x0.1,138782229.30110094,2700537.4736710787,0.5300591764453061,118.33333333333333,0.01929587443082553
61,routing_persistent_hotspot_cluster2,12,4,4,99001200,3,4,specimen_transfer:-1x0.1,141047808.85960278,434957.91516923904,0.5250527143301201,120.33333333333333,0.016293279022403257
61,routing_persistent_hotspot_cluster2,12,remaining,40,99001210,3,0,mdl2,2172900249.5356755,0.0,0.530409993912848,1936.6666666666667,0.055397185057860836
61,routing_persistent_hotspot_cluster2,12,remaining,40,99001210,3,1,specimen_transfer:+1x0.05,2179923984.1432595,-7023734.607584,0.5300028176694285,1942.0,0.05680186602899401
61,routing_persistent_hotspot_cluster2,12,remaining,40,99001210,3,2,specimen_transfer:-1x0.05,2175307503.1980457,-2407253.662370205,0.5290762606397869,1943.3333333333333,0.056429968328589715
61,routing_persistent_hotspot_cluster2,12,remaining,40,99001210,3,3,specimen_transfer:+1x0.1,2179132660.75531,-6232411.219634533,0.530641577531158,1940.0,0.05660934311549134
61,routing_persistent_hotspot_cluster2,12,remaining,40,99001210,3,4,specimen_transfer:-1x0.1,2173328183.9821944,-427934.446518898,0.5291908617913471,1940.3333333333333,0.055560247199994896
61,routing_persistent_hotspot_cluster2,18,4,4,99001800,3,0,mdl2,246919688.9508487,0.0,0.5152459801505082,243.33333333333334,0.02608698393814457
61,routing_persistent_hotspot_cluster2,18,4,4,99001800,3,1,specimen_transfer:+1x0.05,246574517.80074415,345171.1501045525,0.5148224896452137,242.33333333333334,0.02608066901946493
61,routing_persistent_hotspot_cluster2,18,4,4,99001800,3,2,specimen_transfer:-1x0.05,248085745.6380829,-1166056.687234193,0.514404239841866,244.66666666666666,0.025882328122692658
61,routing_persistent_hotspot_cluster2,18,4,4,99001800,3,3,specimen_transfer:+1x0.1,245645654.61737874,1274034.333469957,0.5149644544379451,241.0,0.02607436325284136
61,routing_persistent_hotspot_cluster2,18,4,4,99001800,3,4,specimen_transfer:-1x0.1,248369419.5484885,-1449730.5976397991,0.5135572588312773,244.66666666666666,0.02591994707897673
61,routing_persistent_hotspot_cluster2,18,remaining,34,99001810,3,0,mdl2,2148210790.7664933,0.0,0.5062742818770193,2002.6666666666667,0.06777472807781205
61,routing_persistent_hotspot_cluster2,18,remaining,34,99001810,3,1,specimen_transfer:+1x0.05,2147613705.9460597,597084.8204336166,0.5066155793394005,2001.0,0.0672864102255506
61,routing_persistent_hotspot_cluster2,18,remaining,34,99001810,3,2,specimen_transfer:-1x0.05,2146566932.9932754,1643857.7732179165,0.5059957210922524,2002.6666666666667,0.06767613026799925
61,routing_persistent_hotspot_cluster2,18,remaining,34,99001810,3,3,specimen_transfer:+1x0.1,2148345685.3887568,-134894.62226343155,0.5067297787338708,2000.0,0.06717346413697187
61,routing_persistent_hotspot_cluster2,18,remaining,34,99001810,3,4,specimen_transfer:-1x0.1,2147387163.7312267,823627.0352666378,0.5058288303479815,2004.3333333333333,0.06761741815036908
61,routing_persistent_hotspot_cluster2,25,4,4,99002500,3,0,mdl2,213633832.4720882,0.0,0.5201545942704832,138.0,0.0319091400757166
61,routing_persistent_hotspot_cluster2,25,4,4,99002500,3,1,specimen_transfer:+1x0.05,212717924.33594882,915908.136139363,0.52077753390434,138.0,0.0319091400757166
61,routing_persistent_hotspot_cluster2,25,4,4,99002500,3,2,specimen_transfer:-1x0.05,215815893.3521287,-2182060.8800405264,0.5198431244535546,141.66666666666666,0.031960996749729145
61,routing_persistent_hotspot_cluster2,25,4,4,99002500,3,3,specimen_transfer:+1x0.1,210411827.81124476,3222004.660843432,0.5217119433551253,136.0,0.03028664142779881
61,routing_persistent_hotspot_cluster2,25,4,4,99002500,3,4,specimen_transfer:-1x0.1,216828493.69054535,-3194661.2184571624,0.5192201848196979,143.66666666666666,0.031995661605206074
61,routing_persistent_hotspot_cluster2,25,remaining,27,99002510,3,0,mdl2,1620965637.2735977,0.0,0.5311706273033483,1473.6666666666667,0.055228483787433134
61,routing_persistent_hotspot_cluster2,25,remaining,27,99002510,3,1,specimen_transfer:+1x0.05,1620234313.847022,731323.4265756607,0.5311632687717046,1474.0,0.055410442117992204
61,routing_persistent_hotspot_cluster2,25,remaining,27,99002510,3,2,specimen_transfer:-1x0.05,1619639616.8943994,1326020.3791983128,0.5307643151403639,1474.0,0.05504843662277386
61,routing_persistent_hotspot_cluster2,25,remaining,27,99002510,3,3,specimen_transfer:+1x0.1,1616296921.5152903,4668715.758307457,0.5322105394522211,1467.3333333333333,0.0535454189889028
61,routing_persistent_hotspot_cluster2,25,remaining,27,99002510,3,4,specimen_transfer:-1x0.1,1617616052.691722,3349584.581875801,0.5308328278005652,1473.6666666666667,0.054274155448960026
61,routing_persistent_hotspot_cluster2,31,4,4,99003100,3,0,mdl2,224540210.39742455,0.0,0.5485707021864459,246.66666666666666,0.04229742322123351
61,routing_persistent_hotspot_cluster2,31,4,4,99003100,3,1,specimen_transfer:+1x0.05,222876624.48680544,1663585.9106191099,0.5491098380116907,244.66666666666666,0.04142539523453395
61,routing_persistent_hotspot_cluster2,31,4,4,99003100,3,2,specimen_transfer:-1x0.05,228729875.4123014,-4189665.0148768425,0.5477619984485789,253.33333333333334,0.042335138283934814
61,routing_persistent_hotspot_cluster2,31,4,4,99003100,3,3,specimen_transfer:+1x0.1,220504736.29935944,4035474.098065108,0.5501881096621798,241.33333333333334,0.03964365780509163
61,routing_persistent_hotspot_cluster2,31,4,4,99003100,3,4,specimen_transfer:-1x0.1,229618381.03604206,-5078170.638617516,0.5467733566268965,254.33333333333334,0.04219281923442739
61,routing_persistent_hotspot_cluster2,31,remaining,21,99003110,3,0,mdl2,1379364542.394512,0.0,0.5204251321412111,1293.0,0.05870245718183927
61,routing_persistent_hotspot_cluster2,31,remaining,21,99003110,3,1,specimen_transfer:+1x0.05,1377428286.0049038,1936256.3896081448,0.5208268684119344,1289.6666666666667,0.05789921732669132
61,routing_persistent_hotspot_cluster2,31,remaining,21,99003110,3,2,specimen_transfer:-1x0.05,1376605229.8957934,2759312.4987185,0.5203117574215899,1297.0,0.058977189845529
61,routing_persistent_hotspot_cluster2,31,remaining,21,99003110,3,3,specimen_transfer:+1x0.1,1374626053.7677603,4738488.626751661,0.5214521513596531,1286.6666666666667,0.0568213952030025
61,routing_persistent_hotspot_cluster2,31,remaining,21,99003110,3,4,specimen_transfer:-1x0.1,1373056010.031852,6308532.362659931,0.5207171059208889,1296.3333333333333,0.05788827660798154
61,routing_persistent_hotspot_cluster2,37,4,4,99003700,3,0,mdl2,221031982.40902352,0.0,0.5406600033342533,176.66666666666666,0.04319818112921561
61,routing_persistent_hotspot_cluster2,37,4,4,99003700,3,1,specimen_transfer:+1x0.05,221142499.44902143,-110517.0399979055,0.5404355699580249,177.0,0.04357711254262978
61,routing_persistent_hotspot_cluster2,37,4,4,99003700,3,2,specimen_transfer:-1x0.05,221858287.0961604,-826304.6871368885,0.5404355699580249,178.33333333333334,0.04319818112921561
61,routing_persistent_hotspot_cluster2,37,4,4,99003700,3,3,specimen_transfer:+1x0.1,221142499.44902143,-110517.0399979055,0.5404355699580249,177.0,0.04357711254262978
61,routing_persistent_hotspot_cluster2,37,4,4,99003700,3,4,specimen_transfer:-1x0.1,221858287.0961604,-826304.6871368885,0.5404355699580249,178.33333333333334,0.04319818112921561
61,routing_persistent_hotspot_cluster2,37,remaining,15,99003710,3,0,mdl2,949885790.9056054,0.0,0.529484351986926,854.6666666666666,0.05141895827366461
61,routing_persistent_hotspot_cluster2,37,remaining,15,99003710,3,1,specimen_transfer:+1x0.05,951115206.646108,-1229415.740502596,0.5289063194966843,856.6666666666666,0.0525036929583746
61,routing_persistent_hotspot_cluster2,37,remaining,15,99003710,3,2,specimen_transfer:-1x0.05,948819082.023954,1066708.8816514015,0.5294825355428453,854.6666666666666,0.05131956995022959
61,routing_persistent_hotspot_cluster2,37,remaining,15,99003710,3,3,specimen_transfer:+1x0.1,951115206.646108,-1229415.740502596,0.5289063194966843,856.6666666666666,0.0525036929583746
61,routing_persistent_hotspot_cluster2,37,remaining,15,99003710,3,4,specimen_transfer:-1x0.1,948819082.023954,1066708.8816514015,0.5294825355428453,854.6666666666666,0.05131956995022959
61,routing_persistent_hotspot_cluster2,43,4,4,99004300,3,0,mdl2,279730993.00164646,0.0,0.5262062893178678,229.0,0.04531921931855772
61,routing_persistent_hotspot_cluster2,43,4,4,99004300,3,1,specimen_transfer:+1x0.05,280514091.7723978,-783098.7707513571,0.5250697746541143,230.0,0.04532421812942453
61,routing_persistent_hotspot_cluster2,43,4,4,99004300,3,2,specimen_transfer:-1x0.05,279506351.54806584,224641.4535806179,0.5256380319859911,228.33333333333334,0.04498842209725438
61,routing_persistent_hotspot_cluster2,43,4,4,99004300,3,3,specimen_transfer:+1x0.1,280613597.34054774,-882604.3389012814,0.5250697746541143,230.33333333333334,0.04532421812942453
61,routing_persistent_hotspot_cluster2,43,4,4,99004300,3,4,specimen_transfer:-1x0.1,279640195.3988524,90797.60279405117,0.52525919376474,228.33333333333334,0.044993384420450644
61,routing_persistent_hotspot_cluster2,43,remaining,9,99004310,3,0,mdl2,676558681.8483061,0.0,0.5184585587898582,644.3333333333334,0.052824650239493155
61,routing_persistent_hotspot_cluster2,43,remaining,9,99004310,3,1,specimen_transfer:+1x0.05,680082571.0671995,-3523889.218893409,0.5180054238459736,649.3333333333334,0.053629661593446586
61,routing_persistent_hotspot_cluster2,43,remaining,9,99004310,3,2,specimen_transfer:-1x0.05,676898506.3713123,-339824.5230062008,0.5185713028021386,644.6666666666666,0.05262606021094873
61,routing_persistent_hotspot_cluster2,43,remaining,9,99004310,3,3,specimen_transfer:+1x0.1,678887422.5785431,-2328740.730237007,0.518233001534763,647.6666666666666,0.05322727111879908
61,routing_persistent_hotspot_cluster2,43,remaining,9,99004310,3,4,specimen_transfer:-1x0.1,677430093.7650964,-871411.9167903662,0.5185139205791512,645.3333333333334,0.05272532564672399
61,routing_persistent_hotspot_cluster2,51,4,1,99005100,3,0,mdl2,77159080.93037716,0.0,0.5165506705143439,85.0,0.056102655923604895
61,routing_persistent_hotspot_cluster2,51,4,1,99005100,3,1,specimen_transfer:+1x0.05,78284919.28770539,-1125838.357328236,0.5165506705143439,87.0,0.056102655923604895
61,routing_persistent_hotspot_cluster2,51,4,1,99005100,3,2,specimen_transfer:-1x0.05,75884960.40833166,1274120.5220454931,0.5165506705143439,83.0,0.056102655923604895
61,routing_persistent_hotspot_cluster2,51,4,1,99005100,3,3,specimen_transfer:+1x0.1,78139230.19384992,-980149.2634727657,0.5165506705143439,87.0,0.056102655923604895
61,routing_persistent_hotspot_cluster2,51,4,1,99005100,3,4,specimen_transfer:-1x0.1,75588749.89384992,1570331.0365272313,0.5165506705143439,83.0,0.056102655923604895
61,routing_persistent_hotspot_cluster2,51,remaining,1,99005110,3,0,mdl2,77159080.93037716,0.0,0.5165506705143439,85.0,0.056102655923604895
61,routing_persistent_hotspot_cluster2,51,remaining,1,99005110,3,1,specimen_transfer:+1x0.05,78284919.28770539,-1125838.357328236,0.5165506705143439,87.0,0.056102655923604895
61,routing_persistent_hotspot_cluster2,51,remaining,1,99005110,3,2,specimen_transfer:-1x0.05,75884960.40833166,1274120.5220454931,0.5165506705143439,83.0,0.056102655923604895
61,routing_persistent_hotspot_cluster2,51,remaining,1,99005110,3,3,specimen_transfer:+1x0.1,78139230.19384992,-980149.2634727657,0.5165506705143439,87.0,0.056102655923604895
61,routing_persistent_hotspot_cluster2,51,remaining,1,99005110,3,4,specimen_transfer:-1x0.1,75588749.89384992,1570331.0365272313,0.5165506705143439,83.0,0.056102655923604895
62,routing_persistent_hotspot_cluster3,0,4,4,100000000,3,0,mdl2,16847932.940695647,0.0,0.20282045929422554,0.0,0.0
62,routing_persistent_hotspot_cluster3,0,4,4,100000000,3,1,specimen_transfer:+1x0.05,16847932.940695647,0.0,0.20282045929422554,0.0,0.0
62,routing_persistent_hotspot_cluster3,0,4,4,100000000,3,2,specimen_transfer:-1x0.05,16847932.940695647,0.0,0.20282045929422554,0.0,0.0
62,routing_persistent_hotspot_cluster3,0,4,4,100000000,3,3,specimen_transfer:+1x0.1,16847932.940695647,0.0,0.20282045929422554,0.0,0.0
62,routing_persistent_hotspot_cluster3,0,4,4,100000000,3,4,specimen_transfer:-1x0.1,16847932.940695647,0.0,0.20282045929422554,0.0,0.0
62,routing_persistent_hotspot_cluster3,0,remaining,52,100000010,3,0,mdl2,2611633456.092645,0.0,0.49407775275051863,2303.6666666666665,0.06566901347700214
62,routing_persistent_hotspot_cluster3,0,remaining,52,100000010,3,1,specimen_transfer:+1x0.05,2611633456.092645,0.0,0.49407775275051863,2303.6666666666665,0.06566901347700214
62,routing_persistent_hotspot_cluster3,0,remaining,52,100000010,3,2,specimen_transfer:-1x0.05,2611633456.092645,0.0,0.49407775275051863,2303.6666666666665,0.06566901347700214
62,routing_persistent_hotspot_cluster3,0,remaining,52,100000010,3,3,specimen_transfer:+1x0.1,2611633456.092645,0.0,0.49407775275051863,2303.6666666666665,0.06566901347700214
62,routing_persistent_hotspot_cluster3,0,remaining,52,100000010,3,4,specimen_transfer:-1x0.1,2611633456.092645,0.0,0.49407775275051863,2303.6666666666665,0.06566901347700214
62,routing_persistent_hotspot_cluster3,6,4,4,100000600,3,0,mdl2,94681752.04358132,0.0,0.44284520561692303,49.0,0.007079646017699115
62,routing_persistent_hotspot_cluster3,6,4,4,100000600,3,1,specimen_transfer:+1x0.05,92276955.95494647,2404796.0886348486,0.4438142323250564,46.333333333333336,0.007079646017699115
62,routing_persistent_hotspot_cluster3,6,4,4,100000600,3,2,specimen_transfer:-1x0.05,94212642.2980481,469109.7455332279,0.4418761789087897,47.666666666666664,0.005341250055505865
62,routing_persistent_hotspot_cluster3,6,4,4,100000600,3,3,specimen_transfer:+1x0.1,90248379.69743751,4433372.346143812,0.4438142323250564,43.666666666666664,0.007079646017699115
62,routing_persistent_hotspot_cluster3,6,4,4,100000600,3,4,specimen_transfer:-1x0.1,94664228.60763137,17523.43594995141,0.4389690987843898,47.0,0.0054086577552281525
62,routing_persistent_hotspot_cluster3,6,remaining,46,100000610,3,0,mdl2,2653048025.5167794,0.0,0.484317532961481,2399.0,0.07575585819093465
62,routing_persistent_hotspot_cluster3,6,remaining,46,100000610,3,1,specimen_transfer:+1x0.05,2653921049.1158314,-873023.5990519524,0.4839232980659216,2402.0,0.07676730331756025
62,routing_persistent_hotspot_cluster3,6,remaining,46,100000610,3,2,specimen_transfer:-1x0.05,2663646330.081966,-10598304.5651865,0.4817518310332058,2413.3333333333335,0.07626346906895737
62,routing_persistent_hotspot_cluster3,6,remaining,46,100000610,3,3,specimen_transfer:+1x0.1,2655957036.8892283,-2909011.372448921,0.4838154812261564,2402.3333333333335,0.07707495330165942
62,routing_persistent_hotspot_cluster3,6,remaining,46,100000610,3,4,specimen_transfer:-1x0.1,2706503413.7181015,-53455388.20132208,0.47259961608940326,2464.3333333333335,0.07920831428968861
62,routing_persistent_hotspot_cluster3,12,4,4,100001200,3,0,mdl2,174323726.50149572,0.0,0.4862271002403722,155.66666666666666,0.029535864978902954
62,routing_persistent_hotspot_cluster3,12,4,4,100001200,3,1,specimen_transfer:+1x0.05,174108782.53956822,214943.96192750335,0.48642863188083973,156.33333333333334,0.029535864978902954
62,routing_persistent_hotspot_cluster3,12,4,4,100001200,3,2,specimen_transfer:-1x0.05,175615962.46921346,-1292235.967717737,0.4862271002403722,158.33333333333334,0.03059071729957806
62,routing_persistent_hotspot_cluster3,12,4,4,100001200,3,3,specimen_transfer:+1x0.1,173565815.4098868,757911.0916089118,0.48742003336752454,156.66666666666666,0.028481012658227847
62,routing_persistent_hotspot_cluster3,12,4,4,100001200,3,4,specimen_transfer:-1x0.1,174687568.26764426,-363841.7661485374,0.4862271002403722,157.0,0.02988748241912799
62,routing_persistent_hotspot_cluster3,12,remaining,40,100001210,3,0,mdl2,2316871720.9006042,0.0,0.5000394778877246,2133.6666666666665,0.07232249930665392
62,routing_persistent_hotspot_cluster3,12,remaining,40,100001210,3,1,specimen_transfer:+1x0.05,2317040561.360193,-168840.45958852768,0.5001557028993471,2133.6666666666665,0.07221910807423045
62,routing_persistent_hotspot_cluster3,12,remaining,40,100001210,3,2,specimen_transfer:-1x0.05,2319917283.3417315,-3045562.4411273003,0.49832313610659823,2142.6666666666665,0.0735904651849492
62,routing_persistent_hotspot_cluster3,12,remaining,40,100001210,3,3,specimen_transfer:+1x0.1,2315072520.927075,1799199.9735293388,0.5007912754815734,2130.6666666666665,0.07119966789101305
62,routing_persistent_hotspot_cluster3,12,remaining,40,100001210,3,4,specimen_transfer:-1x0.1,2323516704.144056,-6644983.243451595,0.49719911893704377,2148.6666666666665,0.07404640383419607
62,routing_persistent_hotspot_cluster3,18,4,4,100001800,3,0,mdl2,175676180.82865193,0.0,0.5188906047849455,159.66666666666666,0.04354374017810372
62,routing_persistent_hotspot_cluster3,18,4,4,100001800,3,1,specimen_transfer:+1x0.05,174872835.29095164,803345.5377002954,0.5184428993450966,158.0,0.042814452501680395
62,routing_persistent_hotspot_cluster3,18,4,4,100001800,3,2,specimen_transfer:-1x0.05,177033272.59158137,-1357091.7629294395,0.5179951939052477,161.66666666666666,0.0435655832473239
62,routing_persistent_hotspot_cluster3,18,4,4,100001800,3,3,specimen_transfer:+1x0.1,173519078.28720182,2157102.541450113,0.5188906047849455,156.33333333333334,0.042063321756036866
62,routing_persistent_hotspot_cluster3,18,4,4,100001800,3,4,specimen_transfer:-1x0.1,179454623.2803781,-3778442.4517261684,0.5179951939052477,166.33333333333334,0.04359833147177042
62,routing_persistent_hotspot_cluster3,18,remaining,34,100001810,3,0,mdl2,1922328940.7584915,0.0,0.5087428642800492,1741.6666666666667,0.06863081214740217
62,routing_persistent_hotspot_cluster3,18,remaining,34,100001810,3,1,specimen_transfer:+1x0.05,1926438444.9323318,-4109504.1738402843,0.5082062619087807,1742.3333333333333,0.0688512563336594
62,routing_persistent_hotspot_cluster3,18,remaining,34,100001810,3,2,specimen_transfer:-1x0.05,1930257978.774943,-7929038.016451597,0.5066489937521642,1751.0,0.06980888016010485
62,routing_persistent_hotspot_cluster3,18,remaining,34,100001810,3,3,specimen_transfer:+1x0.1,1929551635.3894882,-7222694.630996704,0.5080248622293155,1743.3333333333333,0.06906390689712999
62,routing_persistent_hotspot_cluster3,18,remaining,34,100001810,3,4,specimen_transfer:-1x0.1,1924068189.896909,-1739249.1384174824,0.5070161742941692,1750.3333333333333,0.06968735771895279
62,routing_persistent_hotspot_cluster3,25,4,4,100002500,3,0,mdl2,192027284.23469403,0.0,0.515524237245634,151.66666666666666,0.04929971988795518
62,routing_persistent_hotspot_cluster3,25,4,4,100002500,3,1,specimen_transfer:+1x0.05,191537797.4406898,489486.7940042317,0.514873733476239,151.33333333333334,0.04929971988795518
62,routing_persistent_hotspot_cluster3,25,4,4,100002500,3,2,specimen_transfer:-1x0.05,194330286.2109319,-2303001.9762378633,0.514873733476239,156.33333333333334,0.04929971988795518
62,routing_persistent_hotspot_cluster3,25,4,4,100002500,3,3,specimen_transfer:+1x0.1,191374718.24659228,652565.9881017506,0.514873733476239,152.33333333333334,0.04929971988795518
62,routing_persistent_hotspot_cluster3,25,4,4,100002500,3,4,specimen_transfer:-1x0.1,197357630.18387398,-5330345.949179947,0.5140070528657762,162.33333333333334,0.049373483909534256
62,routing_persistent_hotspot_cluster3,25,remaining,27,100002510,3,0,mdl2,1629715362.831734,0.0,0.5102501811514922,1492.6666666666667,0.07162558779322124
62,routing_persistent_hotspot_cluster3,25,remaining,27,100002510,3,1,specimen_transfer:+1x0.05,1623153341.9988682,6562020.832865715,0.5121525152790509,1480.6666666666667,0.07067016167439187
62,routing_persistent_hotspot_cluster3,25,remaining,27,100002510,3,2,specimen_transfer:-1x0.05,1625628969.8142955,4086393.0174384117,0.5103144422062398,1491.6666666666667,0.07141934372259642
62,routing_persistent_hotspot_cluster3,25,remaining,27,100002510,3,3,specimen_transfer:+1x0.1,1625963615.788654,3751747.043079853,0.5117443265244176,1483.0,0.07138142297386384
62,routing_persistent_hotspot_cluster3,25,remaining,27,100002510,3,4,specimen_transfer:-1x0.1,1625053463.5217888,4661899.3099451065,0.5098489218584216,1494.6666666666667,0.07157601040151905
62,routing_persistent_hotspot_cluster3,31,4,4,100003100,3,0,mdl2,249645533.7909335,0.0,0.5293385180366021,266.0,0.058714748035136384
62,routing_persistent_hotspot_cluster3,31,4,4,100003100,3,1,specimen_transfer:+1x0.05,251105777.34969243,-1460243.5587589443,0.5285148585168357,268.3333333333333,0.06010171058714748
62,routing_persistent_hotspot_cluster3,31,4,4,100003100,3,2,specimen_transfer:-1x0.05,251574358.75444236,-1928824.9635088742,0.5286061577042728,269.6666666666667,0.058587609801202034
62,routing_persistent_hotspot_cluster3,31,4,4,100003100,3,3,specimen_transfer:+1x0.1,251361952.47455582,-1716418.6836223304,0.5285148585168357,269.0,0.06010171058714748
62,routing_persistent_hotspot_cluster3,31,4,4,100003100,3,4,specimen_transfer:-1x0.1,251854556.85187623,-2209023.0609427392,0.5286061577042728,270.3333333333333,0.05857861190927957
62,routing_persistent_hotspot_cluster3,31,remaining,21,100003110,3,0,mdl2,1188836420.007265,0.0,0.5167927767771952,1114.6666666666667,0.0704097646558834
62,routing_persistent_hotspot_cluster3,31,remaining,21,100003110,3,1,specimen_transfer:+1x0.05,1190524239.0293944,-1687819.0221292973,0.5163720822800699,1116.6666666666667,0.07113243699121787
62,routing_persistent_hotspot_cluster3,31,remaining,21,100003110,3,2,specimen_transfer:-1x0.05,1187937321.3894832,899098.6177818775,0.5167287288716979,1118.0,0.07073457847990942
62,routing_persistent_hotspot_cluster3,31,remaining,21,100003110,3,3,specimen_transfer:+1x0.1,1189764585.8931503,-928165.8858852386,0.5163720822800699,1116.0,0.07112523632161931
62,routing_persistent_hotspot_cluster3,31,remaining,21,100003110,3,4,specimen_transfer:-1x0.1,1187053456.7114248,1782963.2958402634,0.5166695957630704,1119.0,0.07083826071228293
62,routing_persistent_hotspot_cluster3,37,4,4,100003700,3,0,mdl2,191895573.32596874,0.0,0.5310670662226263,167.33333333333334,0.059566074950690336
62,routing_persistent_hotspot_cluster3,37,4,4,100003700,3,1,specimen_transfer:+1x0.05,191320243.06020093,575330.2657678127,0.5313000925790207,167.33333333333334,0.059566074950690336
62,routing_persistent_hotspot_cluster3,37,4,4,100003700,3,2,specimen_transfer:-1x0.05,193513245.47733393,-1617672.1513651907,0.5290465808763102,169.66666666666666,0.05946582719260718
62,routing_persistent_hotspot_cluster3,37,4,4,100003700,3,3,specimen_transfer:+1x0.1,191052901.5277218,842671.7982469499,0.5310670662226263,166.66666666666666,0.05996055226824457
62,routing_persistent_hotspot_cluster3,37,4,4,100003700,3,4,specimen_transfer:-1x0.1,195211594.72931385,-3316021.403345108,0.5281925577494758,171.66666666666666,0.05947512644035138
62,routing_persistent_hotspot_cluster3,37,remaining,15,100003710,3,0,mdl2,863594482.6644222,0.0,0.5164190769754625,759.6666666666666,0.0646017583844891
62,routing_persistent_hotspot_cluster3,37,remaining,15,100003710,3,1,specimen_transfer:+1x0.05,859743074.0472363,3851408.617185831,0.5174588251082338,759.0,0.06506678631597924
62,routing_persistent_hotspot_cluster3,37,remaining,15,100003710,3,2,specimen_transfer:-1x0.05,869108185.703847,-5513703.039424896,0.5151092284816611,769.6666666666666,0.06611077238801896
62,routing_persistent_hotspot_cluster3,37,remaining,15,100003710,3,3,specimen_transfer:+1x0.1,861246444.3020043,2348038.362417817,0.5169879935418416,760.6666666666666,0.06529589096370617
62,routing_persistent_hotspot_cluster3,37,remaining,15,100003710,3,4,specimen_transfer:-1x0.1,872220329.3897873,-8625846.725365162,0.5143348223997027,774.6666666666666,0.06718437779840918
62,routing_persistent_hotspot_cluster3,43,4,4,100004300,3,0,mdl2,224049258.46188864,0.0,0.5303653115662669,212.33333333333334,0.06552315608919383
62,routing_persistent_hotspot_cluster3,43,4,4,100004300,3,1,specimen_transfer:+1x0.05,223860184.14741838,189074.31447026134,0.529959678440786,212.66666666666666,0.06555314723513235
62,routing_persistent_hotspot_cluster3,43,4,4,100004300,3,2,specimen_transfer:-1x0.05,225392785.97570398,-1343527.5138153434,0.5301624950035264,216.0,0.065209937040184
62,routing_persistent_hotspot_cluster3,43,4,4,100004300,3,3,specimen_transfer:+1x0.1,224730239.11899295,-680980.6571043134,0.529959678440786,214.66666666666666,0.06589635743008068
62,routing_persistent_hotspot_cluster3,43,4,4,100004300,3,4,specimen_transfer:-1x0.1,226008018.7994783,-1958760.3375896513,0.5301624950035264,218.33333333333334,0.065209937040184
62,routing_persistent_hotspot_cluster3,43,remaining,9,100004310,3,0,mdl2,473401953.0294029,0.0,0.5299451595008239,426.0,0.0652556684702054
62,routing_persistent_hotspot_cluster3,43,remaining,9,100004310,3,1,specimen_transfer:+1x0.05,472214792.68158644,1187160.3478164673,0.5301872150707378,423.6666666666667,0.06494591110686417
62,routing_persistent_hotspot_cluster3,43,remaining,9,100004310,3,2,specimen_transfer:-1x0.05,473461767.0432246,-59814.01382166147,0.5298789342116508,427.3333333333333,0.0650698268441628
62,routing_persistent_hotspot_cluster3,43,remaining,9,100004310,3,3,specimen_transfer:+1x0.1,472473084.2621873,928868.7672156096,0.5298807062469938,424.6666666666667,0.0652556684702054
62,routing_persistent_hotspot_cluster3,43,remaining,9,100004310,3,4,specimen_transfer:-1x0.1,473567635.701276,-165682.67187309265,0.5296951774900366,430.0,0.0652833419599247
62,routing_persistent_hotspot_cluster3,51,4,1,100005100,3,0,mdl2,53958907.62256893,0.0,0.5302974660301139,50.0,0.06596469495199753
62,routing_persistent_hotspot_cluster3,51,4,1,100005100,3,1,specimen_transfer:+1x0.05,53562468.3294246,396439.2931443304,0.5302974660301139,50.0,0.06596469495199753
62,routing_persistent_hotspot_cluster3,51,4,1,100005100,3,2,specimen_transfer:-1x0.05,53062628.429424606,896279.1931443214,0.5302974660301139,49.0,0.06596469495199753
62,routing_persistent_hotspot_cluster3,51,4,1,100005100,3,3,specimen_transfer:+1x0.1,52116370.91842554,1842536.70414339,0.5302974660301139,48.0,0.06596469495199753
62,routing_persistent_hotspot_cluster3,51,4,1,100005100,3,4,specimen_transfer:-1x0.1,51715480.51684421,2243427.1057247147,0.5302974660301139,47.0,0.06598513011152417
62,routing_persistent_hotspot_cluster3,51,remaining,1,100005110,3,0,mdl2,53958907.62256893,0.0,0.5302974660301139,50.0,0.06596469495199753
62,routing_persistent_hotspot_cluster3,51,remaining,1,100005110,3,1,specimen_transfer:+1x0.05,53562468.3294246,396439.2931443304,0.5302974660301139,50.0,0.06596469495199753
62,routing_persistent_hotspot_cluster3,51,remaining,1,100005110,3,2,specimen_transfer:-1x0.05,53062628.429424606,896279.1931443214,0.5302974660301139,49.0,0.06596469495199753
62,routing_persistent_hotspot_cluster3,51,remaining,1,100005110,3,3,specimen_transfer:+1x0.1,52116370.91842554,1842536.70414339,0.5302974660301139,48.0,0.06596469495199753
62,routing_persistent_hotspot_cluster3,51,remaining,1,100005110,3,4,specimen_transfer:-1x0.1,51715480.51684421,2243427.1057247147,0.5302974660301139,47.0,0.06598513011152417
